"EXPENSE ACCOUNT","Item No.","Description","Unit of Measure","PRICELIST"
"","","ACCOUNTABLE FORMS","",""
"Accountable Forms Expenses","1","Accountable Forms #51 - Official Receipt w/ La Union & RP Seal","pad","148"
"Accountable Forms Expenses","2","Accountable Forms #52 - Certificate of Record of Transfer of Large Cattle","pad","253"
"Accountable Forms Expenses","3","Accountable Forms #53 - Certificate of Ownership of Large Cattle","pad","223"
"Accountable Forms Expenses","4","Accountable Forms #54 - Marriage License","pad","303"
"Accountable Forms Expenses","5","Accountable Forms #56 - Real Property Tax Receipt","pad","300"
"Accountable Forms Expenses","6","Accountable Forms #57 - Slaughter Permit & Fee Receipt","pad","148"
"Accountable Forms Expenses","7","Accountable Forms #58 - City/Municipal Burial Permit and Fee Receipt","pad","140"
"Accountable Forms Expenses","8","Annual Fix Tax Stickers","pc","44"
"Accountable Forms Expenses","9","Cash Tickets @ P2.00","pad","123"
"Accountable Forms Expenses","10","Cash Tickets @ P5.00","pad","144"
"Accountable Forms Expenses","11","Cash Tickets @10.00","pad","144"
"Accountable Forms Expenses","12","Community Tax Certificate, Corporation, CTC #0017","pad","113"
"Accountable Forms Expenses","13","Community Tax Certificate, Individual, CTC #0016","pad","81"
"Accountable Forms Expenses","14","Delivery Receipts","pad","124"
"Accountable Forms Expenses","15","Municipal Form No. 102 - Certificate of Live Birth","pad","336"
"Accountable Forms Expenses","16","Municipal Form No. 103 A - Certificate of Fetal Death","pad","297"
"Accountable Forms Expenses","17","Municipal Forn No. 103 - Certificate of Death","pad","336"
"Accountable Forms Expenses","18","Provincial Ordinance Violation Receipt","pad","107"
"Accountable Forms Expenses","19","Veterinary Health Certificate, 50pcs","pad","270"
"Accountable Forms Expenses","20","Veterinary Shipping Permit, 50pcs","pad","270"
"","","ADVERTISING","",""
"Advertising Expenses","21","Newspaper Advertisement, National, (1 column X 40cm)","per column x 40 cm.","15972"
"Advertising Expenses","22","Newspaper Advertisement, Local, (1 page)","page","33275"
"Advertising Expenses","23","Advertising Expenses","lot","220000"
"Advertising Expenses","24","National Newspaper (3 main publications)","copies","275000"
"Advertising Expenses","25","Publication / advertisement","lot","82500"
"Advertising Expenses","26","Publication of enacted ordinance and resolutions","lot","165000"
"Advertising Expenses","27","Radio Advertisement","lot","16500"
"Advertising Expenses","28","Radio Advertising Expense","lot","11000"
"","","BEVERAGES","",""
"Representation Expenses","29","Chocolate powdered drink, 24g","sachet","17"
"Representation Expenses","30","Coffee bean, whole, arabica, 1kg","pack","3050"
"Representation Expenses","31","Fresh milk, 1000ml","pack","122"
"Representation Expenses","32","Juice, 250ml","tetra pack","26"
"Representation Expenses","33","Juice, 330ml","btl","33"
"Representation Expenses","34","Softdrinks, 190ml","btl","13"
"Representation Expenses","35","Water, bottled, 350ml (40 bottles per case)","case","330"
"Representation Expenses","36","Water, bottled, 500ml","btl","18"
"","","CARPENTRY TOOLS AND EQUIPMENT","",""
"Other Supplies and Materials Expenses","37","Angle grinder, portable","unit","4906"
"Other Supplies and Materials Expenses","38","Combination wrench (10, 12, 14, 17, 19, 22, 24)","set","600"
"Other Supplies and Materials Expenses","39","Drill, Impact Drill (13Mm) with 22 pcs.","unit","4830"
"Other Supplies and Materials Expenses","40","Plier with side cutter","pc","599"
"Other Supplies and Materials Expenses","41","Screw driver (Phillips and Flat head interchangeable)","set","320"
"Other Supplies and Materials Expenses","42","Socket Wrench 8mm-24mm w/ handle","pc","3800"
"","","CARPENTRY SUPPLIES","",""
"Other Supplies and Materials Expenses","43","Adhesive, silicon, clear, 300ml","tube","329"
"Other Supplies and Materials Expenses","44","Brush, baby roller with tray, 4""","set","146"
"Other Supplies and Materials Expenses","45","Brush paint, 1""","pc","45"
"Other Supplies and Materials Expenses","46","Brush paint, 2""","pc","97"
"Other Supplies and Materials Expenses","47","Brush paint, 3""","pc","125"
"Other Supplies and Materials Expenses","48","Circular saw blade for wood, 8""","pc","987"
"Other Supplies and Materials Expenses","49","Circular saw blade w/ diamond 20cm Ø","pc","866"
"Other Supplies and Materials Expenses","50","Door knob","set","515"
"Other Supplies and Materials Expenses","51","Drill bit hi-speed, for concrete, 1/2""","pc","482"
"Other Supplies and Materials Expenses","52","Drill bit hi-speed, for concrete, 1/4""","pc","194"
"Other Supplies and Materials Expenses","53","Drill bit hi-speed, for concrete, 1/8""","pc","157"
"Other Supplies and Materials Expenses","54","Drill bit hi-speed, for concrete, 3/16""","pc","207"
"Other Supplies and Materials Expenses","55","Drill bit hi-speed, for concrete, 5/16""","pc","359"
"Other Supplies and Materials Expenses","56","Drill bit hi-speed, for metal, 1/16""","pc","49"
"Other Supplies and Materials Expenses","57","Drill bit hi-speed, for metal, 1/4""","pc","158"
"Other Supplies and Materials Expenses","58","Drill bit hi-speed, for metal, 1/8""","pc","83"
"Other Supplies and Materials Expenses","59","Drill bit hi-speed, for metal, 3/16""","pc","121"
"Other Supplies and Materials Expenses","60","Drill bit hi-speed, for metal, 5/16""","pc","226"
"Other Supplies and Materials Expenses","61","Ecowood Framing, 2""x3""x12'","pc","620"
"Other Supplies and Materials Expenses","62","GI tie wire, #16","kilo","186"
"Other Supplies and Materials Expenses","63","Grinding disc, 4""","pc","51"
"Other Supplies and Materials Expenses","64","Gypsum screw, 1""","pc","7"
"Other Supplies and Materials Expenses","65","Hacksaw blade","pc","98"
"Other Supplies and Materials Expenses","66","Hammer","pc","258"
"Other Supplies and Materials Expenses","67","Latex, flat (White), 1 gal","can","695"
"Other Supplies and Materials Expenses","68","Latex, gloss (White), 1 gal","can","931"
"Other Supplies and Materials Expenses","69","Latex, semi-gloss (White), 1 gal","can","1086"
"Other Supplies and Materials Expenses","70","Lock, drawer","pc","503"
"Other Supplies and Materials Expenses","71","Lumber, 2""x2""x10'","pc","463"
"Other Supplies and Materials Expenses","72","Nail, Common wire, assorted size","kl","119"
"Other Supplies and Materials Expenses","73","Nail, finishing, 1 1/2""","kl","84"
"Other Supplies and Materials Expenses","74","Nail, finishing, 1""","kl","123"
"Other Supplies and Materials Expenses","75","Nail, finishing, 2""","kl","168"
"Other Supplies and Materials Expenses","76","Nail, finishing, 3""","kl","121"
"Other Supplies and Materials Expenses","77","Paint, lacquer, white, 1gal","can","1438"
"Other Supplies and Materials Expenses","78","Paint, latex, blue, 1gal","can","1024"
"Other Supplies and Materials Expenses","79","Paint, latex, blue, 1L","can","221"
"Other Supplies and Materials Expenses","80","Paint, latex, red, 1gal","can","1051"
"Other Supplies and Materials Expenses","81","Paint, latex, red, 1L","can","221"
"Other Supplies and Materials Expenses","82","Paint, latex, yellow, 1L","can","221"
"Other Supplies and Materials Expenses","83","Plywood, 3/4""x4'x8' Marine","pc","2426"
"Other Supplies and Materials Expenses","84","Plywood, marine, 1/4""","pc","588"
"Other Supplies and Materials Expenses","85","Plywood, ordinary, 1/2""x4'x 8''","pc","895"
"Other Supplies and Materials Expenses","86","Putty, Lacquer, white, 1gal","gal","1428"
"Other Supplies and Materials Expenses","87","Putty, masonry, 1gal","can","456"
"Other Supplies and Materials Expenses","88","Sand paper, # 220","pc","25"
"Other Supplies and Materials Expenses","89","Sealant, elastomeric, Any Color, 250ml","can","329"
"Other Supplies and Materials Expenses","90","Stopa Cloth","kg","139"
"Other Supplies and Materials Expenses","91","Super White, Paint","gal","2130"
"Other Supplies and Materials Expenses","92","Thinner, lacquer, 1 gal","gal","834"
"Other Supplies and Materials Expenses","93","Thinner, paint, 1 gal","gal","504"
"Other Supplies and Materials Expenses","94","Tinting oil,  1/4 ltr. Raw Sienna","can","133"
"Other Supplies and Materials Expenses","95","Tinting oil, 1/4 ltr. Burnt Sienna","can","133"
"Other Supplies and Materials Expenses","96","Wood varnish, clear","gal","1122"
"Other Supplies and Materials Expenses","97","Claw hammer- size: 20 OZ","pc","485"
"Other Supplies and Materials Expenses","98","Hacksaw with frame 12""","pc","285"
"Other Supplies and Materials Expenses","99","Hacksaw blade 12""","pc","218"
"Other Supplies and Materials Expenses","100","Anti-Static steel brush for cleaning tools","pc","110"
"Other Supplies and Materials Expenses","101","Caution Tape, 300m","roll","575"
"Other Supplies and Materials Expenses","102","Grinder Cutter 100x60x16 heavy duty (disk only)","pc","255"
"","","COMPUTER SUPPLIES","",""
"Office Supplies Expenses","103","122-in-1 Precision Screw Driver Set Magnetic (Precision Tool)","unit","897"
"Office Supplies Expenses","104","13-in-1 Type-C Laptop & Macbook Docking Station","unit","3435"
"Office Supplies Expenses","105","1TB SSD","unit","11935"
"Office Supplies Expenses","106","2 Type C Hub Converter 6 in 1 Adopter","pc","638"
"Office Supplies Expenses","107","2-in-1 Cable Crimper Plier for RJ11, 12, 45 with LAN Tester Built-In","pc","2909"
"Office Supplies Expenses","108","2.5"" SSD 2TB - mlc chip","pc","13750"
"Office Supplies Expenses","109","250GB SSD Sata","pc","2624"
"Office Supplies Expenses","110","25W Travel Adapter USB Type-C Interface","pc","1224"
"Office Supplies Expenses","111","3 Socket Plug Adapter","pc","89"
"Office Supplies Expenses","112","4-Port HDMI Amplifier Splitter (1-in 4-Out)","unit","2654"
"Office Supplies Expenses","113","480 GB M.2 NVME","unit","7992"
"Office Supplies Expenses","114","64 GB UHS-II / V60 / U3 / Class 10","unit","2324"
"Office Supplies Expenses","115","659466 YMCKO 5 Panel Colored Ribbon 250 images","roll","8140"
"Office Supplies Expenses","116","80mm PC fan","pc","693"
"Office Supplies Expenses","117","8TB NAS HDD","pc","10989"
"Office Supplies Expenses","118","AC AP Outdoor (Unifi)","unit","10754"
"Office Supplies Expenses","119","All-in-one Multi-card Reader","pc","264"
"Office Supplies Expenses","120","Analog Multitester","unit","1430"
"Office Supplies Expenses","121","Anti-static mat / grounding mat for pc repair/ 700mm × 500mm × 2mm Anti-Static Mat Ground Wire for Mobile Computer Repair Antistatic Blanket","pc","1320"
"Office Supplies Expenses","122","Automatic Voltage Regulator, 500 W, St 500VA (Avr Power Supply for Appliances 220V: Ac / dc 110v, and ac 110v / 120v.)","unit","3570"
"Office Supplies Expenses","123","Cable Tie, 4""/100s","pack","239"
"Office Supplies Expenses","124","Cable Tie, 6""/100s","pack","239"
"Office Supplies Expenses","125","Cable Tie, 8""/100s","pack","223"
"Office Supplies Expenses","126","Cable/Wire Ramp, 3ft","pc","4268"
"Office Supplies Expenses","127","Canon GL-790, Black Ink","bot","516"
"Office Supplies Expenses","128","Canon GL-790, Cyan Ink","bot","516"
"Office Supplies Expenses","129","Canon GL-790, Magenta Ink","bot","516"
"Office Supplies Expenses","130","Canon GL-790, Yellow Ink","bot","516"
"Office Supplies Expenses","131","Canon Image Runner 2006N-Drum and Blade","set","8140"
"Office Supplies Expenses","132","Canon Image Runner 2006N-Gear","pair","1881"
"Office Supplies Expenses","133","Canon Image Runner 2006N-Toner Cartridge NPG-59","pc","4043"
"Office Supplies Expenses","134","Cat6 Passthrough RJ45 1 box (100pcs)","box","21"
"Office Supplies Expenses","135","CAT6 UTP CABLE (100m)","roll","2709"
"Office Supplies Expenses","136","CD Rewritable (CD-RW) w/ case","pc","112"
"Office Supplies Expenses","137","CD Rewritable (CD-RW) without case","pc","63"
"Office Supplies Expenses","138","Cleaning Kit","pc","2393"
"Office Supplies Expenses","139","Clicker, presenter with bluetooth","pc","2090"
"Office Supplies Expenses","140","Computer Cleaner Paste, 250gm","pc","132"
"Office Supplies Expenses","141","Contact Cleaner (WD-40)","pc","352"
"Office Supplies Expenses","142","Cover for Samsung Tab A9 Plus Cover Case 11 inch, Flip Cover Case for Samsung Galaxy Tab A9 Plus Cover/Tab A9+ Tablet Cover with Translucent Back [Auto Sleep Wake Support] - Black","pc","426"
"Office Supplies Expenses","143","CPU Case, Type: Micro ATX / Mini-ITX, Black","pc","3094"
"Office Supplies Expenses","144","CPU Power Cord, 3ft","pc","274"
"Office Supplies Expenses","145","DDR4, 8GB","pc","1980"
"Office Supplies Expenses","146","Developer Toner TN118 / TN116","pc","4521"
"Office Supplies Expenses","147","Digital Audio Voice Recorder with 32GB TF card, Rechargeable","unit","4455"
"Office Supplies Expenses","148","Digital Multitester, Heavy Duty","pc","4378"
"Office Supplies Expenses","149","DisplayPort to HDMI 4K Active Adapter (M/F)","pc","2324"
"Office Supplies Expenses","150","DVD Rewritable with case","pc","88"
"Office Supplies Expenses","151","Epson Durabrite Pro T05C1, Black, high yield","cart","28870"
"Office Supplies Expenses","152","Epson Durabrite Pro T05C2, Cyan, high yield","cart","22083"
"Office Supplies Expenses","153","Epson Durabrite Pro T05C3, Magenta, high yield","cart","22083"
"Office Supplies Expenses","154","Epson Durabrite Pro T05C4, Yellow, high yield","cart","22083"
"Office Supplies Expenses","155","Epson EcoTank L6460 A4 Ink Tank Printer Ink Epson EcoTank L6460 A4 Ink Tank Printer Ink - Pigment Cyan Ink Bottle-008","btl","1031"
"Office Supplies Expenses","156","Epson EcoTank L6460 A4 Ink Tank Printer Ink Epson EcoTank L6460 A4 Ink Tank Printer Ink-Pigment Black Ink Bottle-008","btl","1031"
"Office Supplies Expenses","157","Epson EcoTank L6460 A4 Ink Tank Printer Ink Epson EcoTank L6460 A4 Ink Tank Printer Ink-Pigment Magenta Ink Bottle-008","btl","1031"
"Office Supplies Expenses","158","Epson EcoTank L6460 A4 Ink Tank Printer Ink Epson EcoTank L6460 A4 Ink Tank Printer Ink-Pigment Yellow Ink Bottle-008","btl","1031"
"Office Supplies Expenses","159","Epson L6290 Maintenance Box (T04D1/E-04D1)","pc","1447"
"Office Supplies Expenses","160","Epson T6716 for WF-C5790 Maintainance Box","pc","2434"
"Office Supplies Expenses","161","Epson TM-C3510 blank Synthetic label sticker (10cm x 40m)","roll","5803"
"Office Supplies Expenses","162","Epson TM-C3510 Maintenance box","pc","2874"
"Office Supplies Expenses","163","EPSON Workforce Maintenance Box for C5790, C5290/T6716 PXMB 8","box","2665"
"Office Supplies Expenses","164","External Hard Drive 1TB USB 3.0 Back UP Plus, Slim, Portable HDD","pcs","4202"
"Office Supplies Expenses","165","External Hard Drive Shockproof bag case for 1TB slim size","pcs","577"
"Office Supplies Expenses","166","External Hard Drive, 1TB","pc","3569"
"Office Supplies Expenses","167","External Hard Drive, 1TB SSD","pc","7700"
"Office Supplies Expenses","168","External Hard Drive, 250GB SSD","pc","4367"
"Office Supplies Expenses","169","External Hard Drive, 2TB","pc","8701"
"Office Supplies Expenses","170","External Numeric Keypad (Laptop)","pc","817"
"Office Supplies Expenses","171","Flash Drive, 16GB","pc","378"
"Office Supplies Expenses","172","Flash Drive, 16GB 3.0 OTG","pc","818"
"Office Supplies Expenses","173","Flash Drive, 32GB","pc","1029"
"Office Supplies Expenses","174","Flash Drive, 8GB","pc","386"
"Office Supplies Expenses","175","Hard Disk (desktop), 1TB","pc","5115"
"Office Supplies Expenses","176","Hard Drive 4TB NAS SATA","unit","7367"
"Office Supplies Expenses","177","HDMI Cable, 10m","pc","715"
"Office Supplies Expenses","178","HDMI Cable, 20m","pc","1903"
"Office Supplies Expenses","179","HDMI Video Splitter","pc","2750"
"Office Supplies Expenses","180","Headset A4 Tech HS-50 (6.5meters cable, 97 dB's)","pc","1782"
"Office Supplies Expenses","181","Headset with Noise Cancellation (Usb H390)","unit","2943"
"Office Supplies Expenses","182","IC Recorder - PX-333, Rechargeable","unit","4565"
"Office Supplies Expenses","183","Impact tool","pc","2860"
"Office Supplies Expenses","184","Keyboard wireless with mouse","set","2503"
"Office Supplies Expenses","185","Keyboard, (USB-type connection)","pc","880"
"Office Supplies Expenses","186","LAN Tester","pc","1122"
"Office Supplies Expenses","187","Logitech C270 HD 720P Webcam Plug and Play Video Calling","unit","5572"
"Office Supplies Expenses","188","Male Plug Adapter (round to flat)","pc","55"
"Office Supplies Expenses","189","Memory Card, SD Card 16GB","pc","765"
"Office Supplies Expenses","190","Memory Card, SD Card 32GB","pc","1210"
"Office Supplies Expenses","191","Mouse Pad","pc","50"
"Office Supplies Expenses","192","Mouse, Optical (USB-type connection)","pc","328"
"Office Supplies Expenses","193","Mouse, Optical Wireless (M186 Logitech)","pc","1155"
"Office Supplies Expenses","194","Multiport HDMI/USB adapter/hub
9-in-1 HDMI + RJ45 + SD + TF + 2*USB3.0 + PD + 2 USB C","unit","3561"
"Office Supplies Expenses","195","Network Switch , 24 Ports","pc","6733"
"Office Supplies Expenses","196","NVME M.2 Enclosure, USB3.1 Type-C Interface","unit","2470"
"Office Supplies Expenses","197","Outdoor Cat6 Cable","box","7068"
"Office Supplies Expenses","198","Outdoor Cat6 Cable","box","4755"
"Office Supplies Expenses","199","Outdoor Switch (Ubiquiti Unifi Flex 5-Port POE)","unit","8465"
"Office Supplies Expenses","200","POE 24V Passive 1AMP","pc","2448"
"Office Supplies Expenses","201","Portable CD ROM","units","2139"
"Office Supplies Expenses","202","Portable Two Way Radio Walkie Talkie (Set of 4) 16-channels, Freq. Range 400-520MHz","set","5720"
"Office Supplies Expenses","203","Power Extension Reel (25m)","pc","2640"
"Office Supplies Expenses","204","Power Supply 600V","pc","3218"
"Office Supplies Expenses","205","Power Supply Unit, 550w, 80+ Bronze Certified, Fixed Cable","unit","3432"
"Office Supplies Expenses","206","Power Surge (UPS AVR) 800VA-400W","pc","4213"
"Office Supplies Expenses","207","RAM, 16GB 2x8 Memory 3200mhz DDR4","pc","6006"
"Office Supplies Expenses","208","RAM, 8GB, 2133-2666Mhz DDR4 (5)","pc","2420"
"Office Supplies Expenses","209","RJ45 Connector Cat6 (100 pcs)","pack","626"
"Office Supplies Expenses","210","RJ45 Crimper Passthru","pack","831"
"Office Supplies Expenses","211","RJ45 Keystone","pack","79"
"Office Supplies Expenses","212","Router, Wireless","unit","2929"
"Office Supplies Expenses","213","Signature Pad","unit","2475"
"Office Supplies Expenses","214","Silicon Grease (Spray) 500cc","pc","633"
"Office Supplies Expenses","215","Soldering Gun (Heavy duty)","unit","886"
"Office Supplies Expenses","216","Soldering Lead, 0.6mm","pc","561"
"Office Supplies Expenses","217","Solid State Drive (SSD Harddisk) 240GB","pc","4675"
"Office Supplies Expenses","218","Speaker PC, multi media for desktop/laptop, Compact Multimedia 2.1 Speaker System","unit","2285"
"Office Supplies Expenses","219","Thermal Paste","tube","162"
"Office Supplies Expenses","220","Thermal Tape (5MM)","roll","228"
"Office Supplies Expenses","221","Ubiquiti Edgepoint R6","pc","9900"
"Office Supplies Expenses","222","Universal Laptop Charger (60w)","pc","1564"
"Office Supplies Expenses","223","Universal Laptop Charger (90w)","pc","1930"
"Office Supplies Expenses","224","UPS Battery , 12V Battery 12AH/20AH Rechargeable Sealed Lead Acid Battery Deep Cycle UPS","pc","1265"
"Office Supplies Expenses","225","UPS Battery12v9ah","unit","1485"
"Office Supplies Expenses","226","USB dual band wifi dongle","pc","1034"
"Office Supplies Expenses","227","USB Headset with noise-cancelling microphone","pcs","2133"
"Office Supplies Expenses","228","USB Hub-4ports","pc","704"
"Office Supplies Expenses","229","USB Multi Port Hub","pc","220"
"Office Supplies Expenses","230","USB Splitter 4 ports","pc","770"
"Office Supplies Expenses","231","USB Web Camera 1080P 30fps FHD 2 Megapixels 90° Wide Angle With Microphone","pcs","2145"
"Office Supplies Expenses","232","UTP Cable -CAT6 Indoor 300m","roll","4483"
"Office Supplies Expenses","233","VGA Cable (1.5m)","pc","561"
"Office Supplies Expenses","234","WD-40 Specialist Silicone, 360ml","tin","608"
"Office Supplies Expenses","235","Wifi Receiver","unit","1012"
"Office Supplies Expenses","236","Wireless receiver/presenter Pointer pen, red laser with USB & remote","pc","605"
"Office Supplies Expenses","237","Wireless Router/Access Point/Range Extender","unit","3739"
"","","COMPUTER INK AND TONER","",""
"Office Supplies Expenses","238","Bottomless Ink Refill, Cyan 100ml","btl","199"
"Office Supplies Expenses","239","Bottomless Ink Refill, Magenta, 100ml","btl","175"
"Office Supplies Expenses","240","Bottomless Ink Refill, Yellow, 100ml","btl","175"
"Office Supplies Expenses","241","Brother BT5000 Ink (C)","pcs","382"
"Office Supplies Expenses","242","Brother BT5000 Ink (M)","pcs","382"
"Office Supplies Expenses","243","Brother BT5000 Ink (Y)","pcs","382"
"Office Supplies Expenses","244","Brother BTD60 (BK)","pcs","382"
"Office Supplies Expenses","245","Brother Drum DR-2355 (for Brother DCP-L2540DW Printer)","pc","6751"
"Office Supplies Expenses","246","Brother TN-2360 toner cartridge (for Brother DCP-L2540DW Printer)","pc","2596"
"Office Supplies Expenses","247","EPSON TM-C3510 Ink SJIC23F (Black)","unit","8158"
"Office Supplies Expenses","248","EPSON TM-C3510 Ink SJIC23F (Cyan)","unit","4895"
"Office Supplies Expenses","249","EPSON TM-C3510 Ink SJIC23F (Magenta)","unit","4895"
"Office Supplies Expenses","250","EPSON TM-C3510 Ink SJIC23F (Yellow)","unit","4895"
"Office Supplies Expenses","251","Epson Ink 001 (L4150, L4160, L6160, L6170,
L6190)Magenta 70ml/btl","btl","642"
"Office Supplies Expenses","252","Epson Ink 001 (L4150, L4160, L6160, L6170, L6190)
Black 70ml/btl","btl","607"
"Office Supplies Expenses","253","Epson Ink 001 (L4150, L4160, L6160, L6170, L6190)
Cyan 70ml/btl","btl","607"
"Office Supplies Expenses","254","Epson Ink 001 (L4150, L4160, L6160, L6170, L6190)
Yellow 70ml/btl","btl","642"
"Office Supplies Expenses","255","Epson Ink 003 (L3100, L3101, L3150) Black 70ml/btl","btl","631"
"Office Supplies Expenses","256","Epson Ink 003 (L3100, L3101, L3150) Cyan 70ml/btl","btl","631"
"Office Supplies Expenses","257","Epson Ink 003 (L3100, L3101, L3150) Magenta 70ml/btl","btl","631"
"Office Supplies Expenses","258","Epson Ink 003 (L3100, L3101, L3150) Yellow 70ml/btl","btl","631"
"Office Supplies Expenses","259","Epson Ink T6641, Black (For L120, L110, L210, L220,
L300, L360,L380)","btl","557"
"Office Supplies Expenses","260","Epson Ink T6642, Cyan (For L120, L110, L210, L220,
L300, L360,L380)","btl","557"
"Office Supplies Expenses","261","Epson Ink T6643, Magenta (For L120, L110, L210, L220,
L300, L360,L380)","btl","557"
"Office Supplies Expenses","262","Epson Ink T6644, Yellow (For L120, L110, L210, L220,
L300, L360,L380)","btl","557"
"Office Supplies Expenses","263","Epson ink T6731 Black, 70ml/btl (L800, L801, L805,
L810, L850, L1800)","btl","669"
"Office Supplies Expenses","264","Epson ink T6732 Cyan, 70ml/btl (L800, L801, L805,
L810, L850, L1800)","btl","669"
"Office Supplies Expenses","265","Epson ink T6733 Magenta, 70ml/btl (L800, L801, L805,
L810, L850, L1800)","btl","669"
"Office Supplies Expenses","266","Epson ink T6734 Yellow, 70ml/btl (L800, L801, L805,
L810, L850, L1800)","btl","669"
"Office Supplies Expenses","267","Epson ink T6735 Light Cyan, 70ml/btl (L800, L801, L805,
L810, L850, L1800)","btl","669"
"Office Supplies Expenses","268","Epson ink T6736 Light Magenta, 70ml/btl (L800, L801,
L805, L810, L850, L1800)","btl","669"
"Office Supplies Expenses","269","Epson L15150 Ink 008, Black","pc","1326"
"Office Supplies Expenses","270","Epson L15150 Ink 008, Cyan","pc","1024"
"Office Supplies Expenses","271","Epson L15150 Ink 008, Magenta","pc","1024"
"Office Supplies Expenses","272","Epson L15150 Ink 008, Yellow","pc","1024"
"Office Supplies Expenses","273","Epson L15150 Maintenance Box (C9345 / PXMB9)","pc","1669"
"Office Supplies Expenses","274","Epson Workforce Pro, WF-C869R Copier Toner/Ink
T9741-Black","btl","10918"
"Office Supplies Expenses","275","Epson Workforce Pro, WF-C5790 Copier Toner/Ink T948 Standard Black","btl","8492"
"Office Supplies Expenses","276","Epson Workforce Pro, WF-C5790 Copier Toner/Ink T948 Standard Cyan","btl","13338"
"Office Supplies Expenses","277","Epson Workforce Pro, WF-C5790 Copier Toner/Ink T948 Standard Magenta","btl","13338"
"Office Supplies Expenses","278","Epson Workforce Pro, WF-C5790 Copier Toner/Ink T948 Standard Yellow","btl","12711"
"Office Supplies Expenses","279","Epson Workforce Pro, WF-C869R Copier Maintenance
Box","btl","8740"
"Office Supplies Expenses","280","Epson Workforce Pro, WF-C869R Copier Tone/Ink T9743
Magenta","btl","13915"
"Office Supplies Expenses","281","Epson Workforce Pro, WF-C869R Copier Toner/Ink
T9742 Cyan","btl","13915"
"Office Supplies Expenses","282","Epson Workforce Pro, WF-C869R Copier Toner/Ink T9744 Yellow","btl","13915"
"Office Supplies Expenses","283","EPSON Workforce Pro, WF-C878R Maintenance Box (C13T671400)","pc","5447"
"Office Supplies Expenses","284","EPSON Workforce Pro, WF-C878R, Toner/Ink T05A1 (Black BK)","pc","15315"
"Office Supplies Expenses","285","EPSON Workforce Pro, WF-C878R, Toner/Ink T05A2 (Cyan C)","pc","15315"
"Office Supplies Expenses","286","EPSON Workforce Pro, WF-C878R, Toner/Ink T05A3 (Magenta M)","pc","15315"
"Office Supplies Expenses","287","EPSON Workforce Pro, WF-C878R, Toner/Ink T05A4 (Yellow Y)","pc","15315"
"Office Supplies Expenses","288","HP 57a original LaserJet imaging drum (cf257a)","pc","11615"
"Office Supplies Expenses","289","HP Inktank 415 GT51, Black","pc","826"
"Office Supplies Expenses","290","HP Inktank 415 GT52, Cyan","pc","826"
"Office Supplies Expenses","291","HP Inktank 415 GT52, Magenta","pc","826"
"Office Supplies Expenses","292","HP Inktank 415 GT52, Yellow","pc","826"
"Office Supplies Expenses","293","HP Laserjet CE 285AC/ HP Printer Ink #85A","pc","4639"
"Office Supplies Expenses","294","Ink Tank Wireless 415-Cartridge MOH50A Black","pc","860"
"Office Supplies Expenses","295","Ink Tank Wireless 415-Cartridge MOH50A Tri-Color","pc","860"
"Office Supplies Expenses","296","Laser printer toner, cartridge, Black","pc","7453"
"Office Supplies Expenses","297","Laser printer toner, cartridge, Cyan","pc","7453"
"Office Supplies Expenses","298","Laser printer toner, cartridge, Magenta","pc","7453"
"Office Supplies Expenses","299","Laser printer toner, cartridge, Yellow","pc","7453"
"","","COMPUTER SUPPLIES (KYOCERA)","",""
"Office Supplies Expenses","300","Copier toner TK-8349K, Black","pc","10145"
"Office Supplies Expenses","301","Copier toner TK-8349C, Cyan","pc","17270"
"Office Supplies Expenses","302","Copier toner TK-8349M, Magenta","pc","17270"
"Office Supplies Expenses","303","Copier toner TK-8349Y, Yellow","pc","17270"
"Office Supplies Expenses","304","Kyocera Toner TK-3165","pc","11798"
"","","COMPUTER SUPPLIES (CANON)","",""
"Office Supplies Expenses","305","Canon Gl-790 Ink Black, 70 mL","bot","693"
"Office Supplies Expenses","306","Canon Gl-790 Ink Cyan, 70 mL","bot","693"
"Office Supplies Expenses","307","Canon Gl-790 Ink Magenta, 70 mL","bot","693"
"Office Supplies Expenses","308","Canon Gl-790 Ink Yellow, 70 mL","bot","693"
"Office Supplies Expenses","309","Canon Laser Toner 325","pc","5115"
"Office Supplies Expenses","310","Ink- Canon BK-G1-790, 70ml","bot","693"
"Office Supplies Expenses","311","Ink- Canon C-G1-790, 70ml","bot","693"
"Office Supplies Expenses","312","Ink- Canon M-G1-790, 70ml","bot","693"
"Office Supplies Expenses","313","Ink- Canon Y-G1-790, 70ml","bot","693"
"","","COMPUTER SUPPLIES (DUPLO)","",""
"Office Supplies Expenses","314","Duplo Ink, DA-14, Black (for DP-A)","pc","1500"
"Office Supplies Expenses","315","Duplo Ink, G14, (for Duplo DP-G325)","pc","1493"
"Office Supplies Expenses","316","Duplo Master Roll DRA12","roll","5555"
"Office Supplies Expenses","317","Duplo Master Roll DRG20 (for Duplo DP-G325)","roll","6307"
"","","COMPUTER SUPPLIES (LEXMARK)","",""
"Office Supplies Expenses","318","Lexmark PC Kit Drum (MX510de)","unit","9972"
"Office Supplies Expenses","319","Lexmark Toner (MX510de)","pc","9977"
"","","COMPUTER SUPPLIES (SHARP)","",""
"Office Supplies Expenses","320","Sharp AR-6020N Toner","pc","3421"
"Office Supplies Expenses","321","Sharp Developer BP-FV20BA (BLACK)","pc","12320"
"Office Supplies Expenses","322","Sharp Developer BP-FV20SA","pc","50820"
"Office Supplies Expenses","323","Sharp MX-235FT Toner","pc","12045"
"Office Supplies Expenses","324","Sharp MX-315FT Toner","pc","13530"
"Office Supplies Expenses","325","Sharp Toner BP-FT20BA","pc","10945"
"Office Supplies Expenses","326","Sharp Toner BP-FT20CA","pc","10945"
"Office Supplies Expenses","327","Sharp Toner BP-FT20MA","pc","10945"
"Office Supplies Expenses","328","Sharp Toner BP-FT20YA","pc","10945"
"","","COMPUTER SUPPLIES (NEO BRAND)","",""
"Office Supplies Expenses","329","Ineo+ 287, developer / Imaging Unit 214, Cyan","unit","65476"
"Office Supplies Expenses","330","Ineo+ 287, developer / Imaging Unit 214, Magenta","unit","65476"
"Office Supplies Expenses","331","Ineo+ 287, developer / Imaging Unit 214, Yellow","unit","65476"
"Office Supplies Expenses","332","Ineo+ 287 Drum, DR214 Black","pc","29700"
"Office Supplies Expenses","333","Ineo 226 AOXX-PP6H-01 Transfer Roller","pc","6435"
"Office Supplies Expenses","334","Ineo 226 DV116 , Developer","pc","2200"
"Office Supplies Expenses","335","Toner TN227 K Black (Ineo+ 287i)","pc","11220"
"Office Supplies Expenses","336","Toner TN227 K Yellow (Ineo+ 287i)","pc","32670"
"Office Supplies Expenses","337","Toner TN227 K Magenta(Ineo+ 287i)","pc","32670"
"Office Supplies Expenses","338","Toner TN227 K Cyan(Ineo+ 287i)","pc","32670"
"Office Supplies Expenses","339","DR316 Drum Unit Black (Ineo+360i)","unit","49060"
"Office Supplies Expenses","340","DR316 Drum Unit Cyan (Ineo+360i)","unit","55935"
"Office Supplies Expenses","341","DR316 Drum Unit Magenta (Ineo+360i)","unit","55935"
"Office Supplies Expenses","342","DR316 Drum Unit Yellow (Ineo+360i)","unit","55935"
"Office Supplies Expenses","343","Toner ink for Riso CV/UA (S-7220UA)","pc","2970"
"Office Supplies Expenses","344","Ink Fill Type Blank (for Riso Duplicator Machine)","pc","2346"
"Office Supplies Expenses","345","Master Fill Type A4/Legal (for Riso Duplicator Machine)","pc","3988"
"Office Supplies Expenses","346","Master roll for Riso CVB4 UA (S-7040UA)","pc","6160"
"Office Supplies Expenses","347","Toner TN221 C Cyan (Ineo+ 287)","pc","25300"
"Office Supplies Expenses","348","Toner TN221 K Black (Ineo+ 287)","pc","13200"
"Office Supplies Expenses","349","Toner TN221 M Magenta ( Ineo+ 287)","pc","25300"
"Office Supplies Expenses","350","Toner TN221 Y Yellow ( Ineo+ 287)","pc","25300"
"Office Supplies Expenses","351","Toner TN228 Black (ineo+226i)","pc","12100"
"Office Supplies Expenses","352","Toner TN228 Cyan (ineo+226i)","pc","23100"
"Office Supplies Expenses","353","Toner TN228 Magenta (ineo+226i)","pc","23100"
"Office Supplies Expenses","354","Toner TN228 Yellow (ineo+226i)","pc","23100"
"Office Supplies Expenses","355","Transfer Belt Unit (ACM1PP66), Ineo+287i","pc","27840"
"Office Supplies Expenses","356","Transfer Roller Assy AOXX-PP6H-01, Ineo 225i","pc","5500"
"Office Supplies Expenses","357","Transfer Roller Unit (A161R714), Ineo+287i","pc","3836"
"","","ELECTRICAL SUPPLIES","",""
"Other Supplies and Materials Expenses","358","3 gang switch set Flush type","set","317"
"Other Supplies and Materials Expenses","359","ACU Foam insulation 1/2","pc","101"
"Other Supplies and Materials Expenses","360","ACU Foam insulation 1/4","pc","69"
"Other Supplies and Materials Expenses","361","ACU Foam insulation 5/8","pc","129"
"Other Supplies and Materials Expenses","362","1 Set 15 watts LED tube (daylight) Single end with holder","set","1364"
"Other Supplies and Materials Expenses","363","Aspirator Blower, Voltage: 220V-240V~50/60Hz, Input power:400W, Max blowing rate:3.0m3/min","unit","2843"
"Other Supplies and Materials Expenses","364","Blow Torch with butane","set","954"
"Other Supplies and Materials Expenses","365","Cable tracer","unit","7823"
"Other Supplies and Materials Expenses","366","Circuit Breaker 20amp, bolt on, single phase KSB","pc","1122"
"Other Supplies and Materials Expenses","367","Circuit Breaker 30amp, bolt on, single phase KSB","pc","1210"
"Other Supplies and Materials Expenses","368","Copper Tube 1/2 15 meters 0.028","roll","4951"
"Other Supplies and Materials Expenses","369","Copper Tube 1/4 15 meters 0.028","roll","4931"
"Other Supplies and Materials Expenses","370","Copper Tube 3/4 15 meters 0.028","roll","5362"
"Other Supplies and Materials Expenses","371","Copper Tube 3/8 15 meters 0.028","roll","4253"
"Other Supplies and Materials Expenses","372","Copper Tube 5/8 15 meters 0.028","roll","5272"
"Other Supplies and Materials Expenses","373","Door Closer","pc","2039"
"Other Supplies and Materials Expenses","374","Electrical Tape big, 40ft","roll","72"
"Other Supplies and Materials Expenses","375","Electronic Balast 220V 1x36W","pcs","230"
"Other Supplies and Materials Expenses","376","Emergency Light Rechargeable, LED, twin-head","unit","2662"
"Other Supplies and Materials Expenses","377","ESL/CFL, 18watts, daylight","pc","320"
"Other Supplies and Materials Expenses","378","ESL/CFL, 25watts, daylight","pc","368"
"Other Supplies and Materials Expenses","379","EWD40 anti-rust lubricant","tin","393"
"Other Supplies and Materials Expenses","380","LED Bulb day light, 18 watts","pc","303"
"Other Supplies and Materials Expenses","381","LED Bulb, day light, 15watts","pc","475"
"Other Supplies and Materials Expenses","382","LED Bulb, warmwhite, 12watts","pc","360"
"Other Supplies and Materials Expenses","383","LED Bulb, warmwhite, 15watts","pc","475"
"Other Supplies and Materials Expenses","384","LED T5, 14w daylight (Lites Plus)","set","523"
"Other Supplies and Materials Expenses","385","LED T5, 8w daylight (Lites Plus)","set","414"
"Other Supplies and Materials Expenses","386","Male plug rubber","pc","89"
"Other Supplies and Materials Expenses","387","Office Extension Cord, 5 mtrs, 5 gang, with switch","pc","1101"
"Other Supplies and Materials Expenses","388","Pin Light Square AC100 - 265w 9w DLLP .0316 IN-7050","set","1162"
"Other Supplies and Materials Expenses","389","Polyethylene Tape","roll","190"
"Other Supplies and Materials Expenses","390","Pump pliers, Size:10""/250mm, Max clamping open:40mm, TPR two color handle (Yellow and Black)","piece","742"
"Other Supplies and Materials Expenses","391","Refrigerant 32 3kg (Freon)","btl","3241"
"Other Supplies and Materials Expenses","392","Refrigerant 410A 11.3kg (Freon)","btl","9797"
"Other Supplies and Materials Expenses","393","All Purpose Oil","btl","81"
"Other Supplies and Materials Expenses","394","Square Recessed Slim Downlight, LED, Daylight 12W","pc","439"
"Other Supplies and Materials Expenses","395","Square Recessed Slim Downlight, LED, Daylight 18W","pc","657"
"Other Supplies and Materials Expenses","396","Staple Wire #1","box","47"
"Other Supplies and Materials Expenses","397","Super glue big","pc","211"
"Other Supplies and Materials Expenses","398","THHN Wire #12/7, 150 meters","roll","5436"
"Other Supplies and Materials Expenses","399","THHN Wire #14/7, 150 meters","roll","16117"
"Other Supplies and Materials Expenses","400","Tite Foam insulating Foam sealant","can","1535"
"","","ELECTRICAL TOOLS","",""
"Other Supplies and Materials Expenses","401","Allen Wrench, 13 pcs, Ball point Long Arm Allen Hex Key Set","set","875"
"Other Supplies and Materials Expenses","402","Diagonal Cutter pliers, 7"", Heavy Duty","pc","1349"
"Other Supplies and Materials Expenses","403","Drill bit set (Masonry)","set","1335"
"Other Supplies and Materials Expenses","404","Electric Blower, 400 watts Heavy Duty","unit","3128"
"Other Supplies and Materials Expenses","405","Electrical Gloves","pc","3711"
"Other Supplies and Materials Expenses","406","Electrical Harness","pc","4912"
"Other Supplies and Materials Expenses","407","Electrical Plier, 6""","pc","523"
"Other Supplies and Materials Expenses","408","Long Nose Plier, Heavy Duty, 7""","pc","957"
"Other Supplies and Materials Expenses","409","Multi Funtional Portable 9 pocket tools (Holster)","pc","1062"
"Other Supplies and Materials Expenses","410","Pliers, Line man, Heavy Duty, 10""","pc","4371"
"Other Supplies and Materials Expenses","411","Screw Driver","set","736"
"","","ELECTRICAL  EQUIPMENT","",""
"Other Supplies and Materials Expenses","412","Drum Type Extension, 50 mtrs, Heavy Duty Extension Wire","unit","5300"
"Other Supplies and Materials Expenses","413","Hammer drill, cordless, Heavy Duty, Rechargeable","unit","4014"
"Other Supplies and Materials Expenses","414","Hammer drill, with cordl, Heavy Duty,","unit","3988"
"Other Supplies and Materials Expenses","415","Industrial Rotary hammer, 1500 watts, Heavy Duty","unit","11110"
"Other Supplies and Materials Expenses","416","Ladder, A-Type, 7ft","unit","12788"
"Other Supplies and Materials Expenses","417","Ladder, Extendable (Fiber Glass), 24ft","unit","30913"
"Other Supplies and Materials Expenses","418","Mop Gas with Torch","unit","2584"
"Other Supplies and Materials Expenses","419","Pressure Tank - 81 liters","unit","13749"
"Other Supplies and Materials Expenses","420","Safety Boots, Heavy Duty,10"", High-cut","pair","2513"
"Other Supplies and Materials Expenses","421","Safety Boots, Heavy Duty,11"", High-cut","pair","2773"
"","","FUEL, OIL AND LUBRICANTS","",""
"Fuel, Oil, and Lubricants Expenses","422","2T Oil, 1000 ml","btl","239"
"Fuel, Oil, and Lubricants Expenses","423","2T Oil, 200 ml","btl","62"
"Fuel, Oil, and Lubricants Expenses","424","ATF Oil","liter","271"
"Fuel, Oil, and Lubricants Expenses","425","Diesel","liter","70"
"Fuel, Oil, and Lubricants Expenses","426","Gasoline","liter","80"
"Fuel, Oil, and Lubricants Expenses","427","Engine oil #30, gasoline","liter","381"
"Fuel, Oil, and Lubricants Expenses","428","Engine oil SAE #40, diesel","liter","381"
"Fuel, Oil, and Lubricants Expenses","429","Engine oil, diesel, fully synthetic, 1L","btl","1106"
"Fuel, Oil, and Lubricants Expenses","430","Engine oil, gasoline, fully synthetic, 1L","btl","1106"
"Fuel, Oil, and Lubricants Expenses","431","Gear Oil","liter","293"
"Fuel, Oil, and Lubricants Expenses","432","Lubricant Oil (WD-40) 382ml","can","382"
"","","JANITORIAL SUPPLIES","",""
"Office Equipment","433","Floor Polisher","unit","55439"
"Other Supplies and Materials Expenses","434","2 wheels mobile recycling garbage waste bin (black), 240L","pc","7150"
"Other Supplies and Materials Expenses","435","2 wheels mobile recycling garbage waste bin (blue), 240L","pc","7150"
"Other Supplies and Materials Expenses","436","2 wheels mobile recycling garbage waste bin (green), 240L","pc","7150"
"Other Supplies and Materials Expenses","437","2 wheels mobile recycling garbage waste bin (red), 240L","pc","7150"
"Other Supplies and Materials Expenses","438","2 wheels mobile recycling garbage waste bin (yellow), 240L","pc","7150"
"Other Supplies and Materials Expenses","439","3 arm Rotating Garden Sprinkler Automatic 360 degree","pc","1084"
"Other Supplies and Materials Expenses","440","Air freshener, automatic spray refill 175g/269ml - Glade","tin","416"
"Other Supplies and Materials Expenses","441","Air freshener, automatic spray, 269ml/175g - Glade","set","569"
"Other Supplies and Materials Expenses","442","Air freshener, scented gel, 180g","pc","404"
"Other Supplies and Materials Expenses","443","Air freshener, spray, 320ml","tin","341"
"Other Supplies and Materials Expenses","444","Alcohol, ISOPROPYL, 68%-70%, 1gal","gal","820"
"Other Supplies and Materials Expenses","445","Alcohol, ISOPROPYL, 68%-70%, 500ml","btl","127"
"Other Supplies and Materials Expenses","446","All-purpose car polisher and protector, liquid, 295 ml","btl","395"
"Other Supplies and Materials Expenses","447","All-purpose car protector, wax, 180ml","pc","519"
"Other Supplies and Materials Expenses","448","Anti Bacterial skin cleanser(6botls/box)","bx","5968"
"Other Supplies and Materials Expenses","449","Bath soap, 135g","pc","75"
"Other Supplies and Materials Expenses","450","Bathroom deodorizing cake w/ cover, 50g","pc","61"
"Other Supplies and Materials Expenses","451","Bleach, Chlorox, 500ml","btl","32"
"Other Supplies and Materials Expenses","452","Bleach, Chlorox, gal","btl","199"
"Other Supplies and Materials Expenses","453","Broom, ceiling *","pc","152"
"Other Supplies and Materials Expenses","454","Broom, soft (tambo)*","pc","220"
"Other Supplies and Materials Expenses","455","Broom, stick (tingting) *","pc","83"
"Other Supplies and Materials Expenses","456","Car freshener, cake, 40g","can","347"
"Other Supplies and Materials Expenses","457","Car freshener, liquid, 7ml","pc","404"
"Other Supplies and Materials Expenses","458","Chamois cloth, 1pc/tube orig","tube","1073"
"Other Supplies and Materials Expenses","459","Chlorine, liquid, 18L (1gal)","btl","831"
"Other Supplies and Materials Expenses","460","Cleaning cloth, (pranela)","pc","51"
"Other Supplies and Materials Expenses","461","Detergent bar (Blue) - 380g","pc","53"
"Other Supplies and Materials Expenses","462","Detergent bar (White) - 380g","pc","44"
"Other Supplies and Materials Expenses","463","Detergent liquid, 1L","btl","219"
"Other Supplies and Materials Expenses","464","Detergent powder, 1000g","pack","196"
"Other Supplies and Materials Expenses","465","Detergent powder, 500g","pack","110"
"Other Supplies and Materials Expenses","466","Dishwashing liquid, 250ml, lemon","btl","156"
"Other Supplies and Materials Expenses","467","Dishwashing paste, 200g, lemon","pc","34"
"Other Supplies and Materials Expenses","468","Disinfectant spray, 510g","tin","693"
"Other Supplies and Materials Expenses","469","Disinfecting liquid, 1L","btl","249"
"Other Supplies and Materials Expenses","470","Disinfecting liquid, 500ml","btl","164"
"Other Supplies and Materials Expenses","471","Disinfecting liquid, gal","btl","4371"
"Other Supplies and Materials Expenses","472","Disposable Gloves - Medium size, 50's","box","314"
"Other Supplies and Materials Expenses","473","Door mat, cloth, plain color","pc","55"
"Other Supplies and Materials Expenses","474","Door mat, Industrial (spag matting) meter, black","meter","1513"
"Other Supplies and Materials Expenses","475","Drum with Cover (PVC) Per 50 Gallons","pc","1595"
"Other Supplies and Materials Expenses","476","Dust pan, non-rigid plastic","pc","85"
"Other Supplies and Materials Expenses","477","Duster w/ handle, feather","pc","297"
"Other Supplies and Materials Expenses","478","Dusting rugs","pc","9"
"Other Supplies and Materials Expenses","479","Dusting rugs, micro fiber cloth","pc","95"
"Other Supplies and Materials Expenses","480","Emulsion buffable wax (Hotel Professional Cleaning) Hi- Intensifive Product, 1000ml","btl","474"
"Other Supplies and Materials Expenses","481","Emulsion buffable wax (Hotel Professional Cleaning) Hi- Intensifive Product, gal","gal","3960"
"Other Supplies and Materials Expenses","482","Fabric conditioner, 1000ml","btl","355"
"Other Supplies and Materials Expenses","483","Fabric conditioner, gal","btl","1172"
"Other Supplies and Materials Expenses","484","Facial tissue, 250 pulls","bx","120"
"Other Supplies and Materials Expenses","485","Floor Mop, cotton w/ handle","pc","451"
"Other Supplies and Materials Expenses","486","Floor mop, screw-type steel handle, with mop head cloth #40","pc","220"
"Other Supplies and Materials Expenses","487","Floor mop, snap type, with mop head cloth","pc","446"
"Other Supplies and Materials Expenses","488","Floor polisher brush 16"", HD","pc","1320"
"Other Supplies and Materials Expenses","489","Floor sign (caution wet floor)","pc","633"
"Other Supplies and Materials Expenses","490","Floor wax, liquid, natural, 500ml","btl","541"
"Other Supplies and Materials Expenses","491","Floor wax, paste, natural/ colorless, 2kg/ 2litres","can","1727"
"Other Supplies and Materials Expenses","492","Furniture polish, 330ml","can","462"
"Other Supplies and Materials Expenses","493","Garbage bag Small, green, 100's, green","pack","303"
"Other Supplies and Materials Expenses","494","Garbage bag XL, green, 100's, green","pack","743"
"Other Supplies and Materials Expenses","495","Garbage bag, large (100pcs/pack) 13x13x32, black","pack","605"
"Other Supplies and Materials Expenses","496","Garbage bag, medium (100pcs/pack) 11x11x24, black","pack","300"
"Other Supplies and Materials Expenses","497","Garbage bag, small (100pcs/pack) 9x9x18, black","pack","262"
"Other Supplies and Materials Expenses","498","Garbage bag, small (100pcs/pack) 9x9x18, clear","pack","263"
"Other Supplies and Materials Expenses","499","Garbage bag, small (100pcs/pack) 9x9x18, yellow","pack","297"
"Other Supplies and Materials Expenses","500","Garbage bag, XL (100pcs/pack) 15x15x37, black","pack","682"
"Other Supplies and Materials Expenses","501","Garbage bag, XL (100pcs/pack) 15x15x37, clear","pack","1089"
"Other Supplies and Materials Expenses","502","Garbage Bag, XL (100pcs/pack), 15x15x37, yellow","pack","1089"
"Other Supplies and Materials Expenses","503","Garbage bag, XXL(100pcs/pack), 18.5x18.5x40, black","pack","1348"
"Other Supplies and Materials Expenses","504","Glass cleaner (1gal)","gal","495"
"Other Supplies and Materials Expenses","505","Glass cleaner spray, 500ml","btl","187"
"Other Supplies and Materials Expenses","506","Glass mop w/ wiper","pc","259"
"Other Supplies and Materials Expenses","507","Heavy duty flashlight (Rechargeable 15 cadmium search light), big","unit","1650"
"Other Supplies and Materials Expenses","508","Heavy duty flashlight (rechargeable 15 cadmium search light), small","unit","902"
"Other Supplies and Materials Expenses","509","In-tank automatic bowl cleaner, 40gms","pc","212"
"Other Supplies and Materials Expenses","510","Insect spray, 500ml","tin","561"
"Other Supplies and Materials Expenses","511","Laundry gloves, arm-length, large","pair","418"
"Other Supplies and Materials Expenses","512","Laundry gloves, arm-length, medium","pair","414"
"Other Supplies and Materials Expenses","513","Laundry gloves, arm-length, small","pair","402"
"Other Supplies and Materials Expenses","514","Laundry gloves, large","pair","396"
"Other Supplies and Materials Expenses","515","Laundry gloves, medium","pair","358"
"Other Supplies and Materials Expenses","516","Laundry gloves, small","pair","317"
"Other Supplies and Materials Expenses","517","Liquid hand sanitizer, liquid, 1L with pump","bottle","330"
"Other Supplies and Materials Expenses","518","Lubricant (WD-40) 382ml","pc","330"
"Other Supplies and Materials Expenses","519","Magic mop (Easy Squeeze Mop)","pc","539"
"Other Supplies and Materials Expenses","520","Magic mop, Head (Easy Squeeze Mop Refill)","pc","314"
"Other Supplies and Materials Expenses","521","Mop head, 100% rayon, 400g (Mop Head cloth#40)","pc","424"
"Other Supplies and Materials Expenses","522","Mop squeezer, heavy duty","pc","1936"
"Other Supplies and Materials Expenses","523","Plastic dipper (tabo)","pc","47"
"Other Supplies and Materials Expenses","524","Plastic drum (big blue), 120L, with lid","pc","2530"
"Other Supplies and Materials Expenses","525","Plastic pail 16L (with cover)","pc","292"
"Other Supplies and Materials Expenses","526","Plastic pail 24L (with cover)","pc","396"
"Other Supplies and Materials Expenses","527","Plastic Tube Welding Tool w/ Heating Sockets","set","16198"
"Other Supplies and Materials Expenses","528","Plastic twine, 1kg","roll","116"
"Other Supplies and Materials Expenses","529","Protective goggles","pc","116"
"Other Supplies and Materials Expenses","530","Push brush w/ long wooden handle, heavy duty","pc","275"
"Other Supplies and Materials Expenses","531","Rags, all cotton (Stopa)","kilo","129"
"Other Supplies and Materials Expenses","532","Rain coat, jacket & pants, 2XL","pair","1089"
"Other Supplies and Materials Expenses","533","Rain coat, jacket & pants, 3XL","pair","1073"
"Other Supplies and Materials Expenses","534","Rain coat, jacket & pants, L","pair","979"
"Other Supplies and Materials Expenses","535","Rain coat, jacket & pants, M","pair","979"
"Other Supplies and Materials Expenses","536","Rain coat, jacket & pants, S","pair","880"
"Other Supplies and Materials Expenses","537","Rain coat, jacket & pants, XL","pair","1089"
"Other Supplies and Materials Expenses","538","Rain coat, poncho, 2XL","pc","849"
"Other Supplies and Materials Expenses","539","Rain coat, poncho, 3XL","pc","869"
"Other Supplies and Materials Expenses","540","Rain coat, poncho, L","pc","787"
"Other Supplies and Materials Expenses","541","Rain coat, poncho, M","pc","805"
"Other Supplies and Materials Expenses","542","Rain coat, poncho, XL","pc","814"
"Other Supplies and Materials Expenses","543","Rubber boots, L, 10""","pair","798"
"Other Supplies and Materials Expenses","544","Rubber boots, M, 8""","pair","715"
"Other Supplies and Materials Expenses","545","Rubber boots, S, 6""","pair","605"
"Other Supplies and Materials Expenses","546","Rubber boots, XL, 12""","pair","825"
"Other Supplies and Materials Expenses","547","Rugby, 350ml","btl","160"
"Other Supplies and Materials Expenses","548","scratch remover","pc","440"
"Other Supplies and Materials Expenses","549","Scrubbing brush plastic","pc","72"
"Other Supplies and Materials Expenses","550","Scrubbing pad, 3""x6""","pc","69"
"Other Supplies and Materials Expenses","551","Sink clog remover, 250ml","btl","97"
"Other Supplies and Materials Expenses","552","Spin mop w/ bucket","unit","2750"
"Other Supplies and Materials Expenses","553","Sponge 3""x6"", heavy duty","pc","63"
"Other Supplies and Materials Expenses","554","Sprayer, plastic bottle, transparent, 500ml","pc","66"
"Other Supplies and Materials Expenses","555","Steel wool, scrubber","pc","80"
"Other Supplies and Materials Expenses","556","Tire Black, 8.2 oz","bot","438"
"Other Supplies and Materials Expenses","557","Tissue paper, 2ply, soft","roll","22"
"Other Supplies and Materials Expenses","558","Tissue paper, 2ply, soft, 12 rolls/pack","pack","275"
"Other Supplies and Materials Expenses","559","Tissue, Interfolded paper towel, 16 packs/box","bx","3795"
"Other Supplies and Materials Expenses","560","Tissue, jumbo roll, 12 rolls/box","bx","4414"
"Other Supplies and Materials Expenses","561","Tissue, slim, roll, hand towel, 6 rolls/box","bx","3960"
"Other Supplies and Materials Expenses","562","Toilet Bowl Cleaner, 1000ml","btl","407"
"Other Supplies and Materials Expenses","563","Toilet bowl cleaner, gal","gal","891"
"Other Supplies and Materials Expenses","564","Toilet brush, plastic bristle","pc","51"
"Other Supplies and Materials Expenses","565","Toilet rubber pump","pc","165"
"Other Supplies and Materials Expenses","566","Trash can/ bin, plastic w/ cover, M - 11L","pc","385"
"Other Supplies and Materials Expenses","567","Trash can/ bin, plastic w/ cover, S - 8L","pc","374"
"Other Supplies and Materials Expenses","568","Trash can/ bin, stainless, 30L","pc","4180"
"Other Supplies and Materials Expenses","569","Trashbin plastic with cover swing type 15 ltrs","pc","385"
"Other Supplies and Materials Expenses","570","Trashbin plastic with cover swing type 25 ltrs","pc","385"
"Other Supplies and Materials Expenses","571","Trashbin plastic with cover swing type 8 ltrs","pc","385"
"Other Supplies and Materials Expenses","572","Weighing scale, 20kg","unit","3603"
"Other Supplies and Materials Expenses","573","Wet wipes, 80 sheets/pack","pack","154"
"","","GARDENING SUPPLIES & TOOLS","",""
"Other Supplies and Materials Expenses","574","Garden Gloves, Large","pc","212"
"Other Supplies and Materials Expenses","575","Garden hose 1/2 diameter, 60m with fittings","rolls","2838"
"Other Supplies and Materials Expenses","576","Garden Hose, 1"" diameter, 60m with fittings","rolls","3190"
"Other Supplies and Materials Expenses","577","Garden Hose, 1/4 diameter, 60m, with fittings","rolls","1788"
"Other Supplies and Materials Expenses","578","Garden Rake, 14 teeth with metal handle","pc","545"
"Other Supplies and Materials Expenses","579","Garden Shade Net","pc","1210"
"Other Supplies and Materials Expenses","580","Gardening trowel, 32cm","pc","537"
"Other Supplies and Materials Expenses","581","Grass Cutter (Manual)","pc","413"
"Other Supplies and Materials Expenses","582","Grass Cutter, nylon","roll","542"
"Other Supplies and Materials Expenses","583","Heavy Duty Hand Truck Trolley Foldable Push Cart 150 kilograms Capacity Platform Type Trolley Foldable Platform Trolley For Lifting Heavy Weight Heavy Duty
Push Cart - 150 kg Capacity","pc","2750"
"Other Supplies and Materials Expenses","584","Japsaw, Heavy Duty","pc","600"
"Other Supplies and Materials Expenses","585","Jungle Bolo, Heavy Duty 17""","pc","861"
"Other Supplies and Materials Expenses","586","Karit (Ilocano: Kumpay) sickle","pc","380"
"Other Supplies and Materials Expenses","587","Loam Soil (10 kgs)","bag","214"
"Other Supplies and Materials Expenses","588","Long Arm Pruning Shears, manual","pc","1959"
"Other Supplies and Materials Expenses","589","Metal Pick Hoe Piko or Pick Mattock for Gardening 28
inches by 7 inches","pc","963"
"Other Supplies and Materials Expenses","590","Plastic Sprayer w/ Nozzle, Heavy Duty, 1.5 ltr.","pc","270"
"Other Supplies and Materials Expenses","591","Pots, Plastic, L","pc","198"
"Other Supplies and Materials Expenses","592","Pots, Plastic, M","pc","154"
"Other Supplies and Materials Expenses","593","Pots, Plastic, S","pc","99"
"Other Supplies and Materials Expenses","594","Pots, Plastic, XL","pc","242"
"Other Supplies and Materials Expenses","595","Prunning Shears, Heavy Duty","pc","660"
"Other Supplies and Materials Expenses","596","Safety Face Shields Head Mounted, heavy duty","pc","1409"
"Other Supplies and Materials Expenses","597","Seedling Bag, 3"" x 3"" x 6"", 100pcs/pack","pack","116"
"Other Supplies and Materials Expenses","598","Seedling Bag, 6"" x6"" x 10"", 100pcs/pack","pack","325"
"Other Supplies and Materials Expenses","599","Shovel, Heavy Duty","pc","715"
"Other Supplies and Materials Expenses","600","Spading Fork 4 teeth, Heavy duty","pc","1540"
"Other Supplies and Materials Expenses","601","Spading Fork, 78 X 120mm, garden tools","pc","605"
"Other Supplies and Materials Expenses","602","Straight Bar ( Bareta 5ft), Heavy Duty","pc","770"
"Other Supplies and Materials Expenses","603","Trolley, Heavy Duty, 75kg max. Load, Heavy Duty","pc","6600"
"Other Supplies and Materials Expenses","604","Wheelbarrow, Heavy Duty","pc","4510"
"","","PLUMBING SUPPLIES","",""
"Other Supplies and Materials Expenses","605","Faucet, Goose Neck, Retractable & Rotatable","pc","2052"
"Other Supplies and Materials Expenses","606","Faucet, Ordinary","pc","198"
"Other Supplies and Materials Expenses","607","Faucet, Stainless","pc","550"
"Other Supplies and Materials Expenses","608","Faucet, stainless delayed urinal valve push type","pc","3307"
"Other Supplies and Materials Expenses","609","Pressure Gauge","pc","341"
"Other Supplies and Materials Expenses","610","Pressure Switch","pc","352"
"Other Supplies and Materials Expenses","611","PVC Male Adapter, 3/4"" dia.","pc","28"
"Other Supplies and Materials Expenses","612","Rubber Flapper for water closet, 2""","pc","172"
"Other Supplies and Materials Expenses","613","Steel Lavatory Flexible Hose for Plumbing and Tap
Faucet Double Nuts Connector, 1/2 X 1/2 X 12""","pc","191"
"Other Supplies and Materials Expenses","614","Toilet Bidet Sprayer SUS 304 stainless Heavy Duty","set","525"
"Other Supplies and Materials Expenses","615","Toilet Tank Accessories Repair Kits 18cm Toilet Flush Outlet Valve Water Tank Fittings Toilet Replacement
Parts","pc","879"
"","","PLUMBING TOOLS","",""
"Other Supplies and Materials Expenses","616","Pipe Cutter, Heavy duty","pc","1208"
"Other Supplies and Materials Expenses","617","Pipe Wrench, 24"", Heavy duty","pc","5734"
"Other Supplies and Materials Expenses","618","Water Pump Plier, 8"", 10"", 12"", Heavy Duty","set","1286"
"","","OFFICE SUPPLIES","",""
"Office Supplies Expenses","619","AA battery, black, 2550mAh 1.2V, rechargeable, 4 pcs","pack","572"
"Office Supplies Expenses","620","AA battery, black, 2550mAh 1.2V, 4pcs/pack","pc","734"
"Office Supplies Expenses","621","Adding Machine Paper roll, 57mm","roll","51"
"Office Supplies Expenses","622","Adhesive Paste, 200g","btl","94"
"Office Supplies Expenses","623","Adhesive Tape, 1"" Double Sided w/ Foam, 10m","roll","311"
"Office Supplies Expenses","624","Adhesive Tape, 1"" Double Sided,10m","roll","40"
"Office Supplies Expenses","625","Adhesive Tape, 1/2"" Double Sided w/ Foam, 10m","roll","127"
"Office Supplies Expenses","626","Adhesive Tape, 1/2"" double sided, 10m","roll","25"
"Office Supplies Expenses","627","Ballpen, Erasable Gel Pen 0.5mm Ink, Ballpoint, Black","pc","124"
"Office Supplies Expenses","628","Ballpen, Erasable Gel Pen 0.5mm Ink, Ballpoint, Blue","pc","124"
"Office Supplies Expenses","629","Ballpen, Ordinary, Black","pc","11"
"Office Supplies Expenses","630","Ballpen, Ordinary, Blue","pc","11"
"Office Supplies Expenses","631","Ballpen, Ordinary, Red","pc","11"
"Office Supplies Expenses","632","Ballpen, Special, Black","pc","57"
"Office Supplies Expenses","633","Ballpen, Special, Blue","pc","57"
"Office Supplies Expenses","634","Ballpen, Special, Green","pc","48"
"Office Supplies Expenses","635","Ballpen, Special, Red","pc","57"
"Office Supplies Expenses","636","Battery charger, 9 volts, for AA and AAA","unit","3808"
"Office Supplies Expenses","637","Battery, AA Rechargeable, 2pcs per Pack","pack","813"
"Office Supplies Expenses","638","Battery, AA, Alkaline, 2 pcs per pack, heavy duty","pack","127"
"Office Supplies Expenses","639","Battery, AAA Rechargeable, 2pcs per Pack","pack","1029"
"Office Supplies Expenses","640","Battery, AAA, Alkaline, 4pcs per pack, heavy duty","pack","260"
"Office Supplies Expenses","641","Battery, CMOS, CR2032","pc","124"
"Office Supplies Expenses","642","Battery, Dry Cell, AA Ordinary 2 pcs per pack","pack","57"
"Office Supplies Expenses","643","Battery, Flat, 9 Volts, heavy duty","pc","171"
"Office Supplies Expenses","644","Battery, Size C (Heavy Duty, Black) Max. Alkaline 2 pcs
per pack","pack","419"
"Office Supplies Expenses","645","Battery, Size D (Heavy Duty, Black) 2pcs per pack","pack","138"
"Office Supplies Expenses","646","Board magnet, 6pcs per box","box","48"
"Office Supplies Expenses","647","Board Paper, 220 gsm, 10pc/pack, Long, Cream","pack","85"
"Office Supplies Expenses","648","Board Paper, 220 gsm, 10pc/pack, Short, Cream","pack","76"
"Office Supplies Expenses","649","Board Paper, 220gsm, 10pc/pack, Long, White","pack","55"
"Office Supplies Expenses","650","Board Paper, 220gsm, 10pc/pack, Short, White","pack","57"
"Office Supplies Expenses","651","Bond Paper, S24, Acid-free, 8""x13""","rm","328"
"Office Supplies Expenses","652","Book Stand/ Organizer, L-Type, Steel","pair","390"
"Office Supplies Expenses","653","Calculator, 12-digits","unit","705"
"Office Supplies Expenses","654","Calculator, printing, heavy duty, ribbon-type printer","unit","3205"
"Office Supplies Expenses","655","Calculator, scientific","unit","2354"
"Office Supplies Expenses","656","Carbon Paper, Long Permafilm, 100's/Box","box","1275"
"Office Supplies Expenses","657","Cartolina, Ordinary, Blue","pc","11"
"Office Supplies Expenses","658","Cartolina, Ordinary, Green","pc","11"
"Office Supplies Expenses","659","Cartolina, Ordinary, Orange","pc","11"
"Office Supplies Expenses","660","Cartolina, Ordinary, Pink","pc","11"
"Office Supplies Expenses","661","Cartolina, Ordinary, Red","pc","11"
"Office Supplies Expenses","662","Cartolina, Ordinary, White","pc","11"
"Office Supplies Expenses","663","Cartolina, Ordinary, Yellow","pc","11"
"Office Supplies Expenses","664","Cartolina, Special, Light Blue","pc","16"
"Office Supplies Expenses","665","Cartolina, Special, White","pc","16"
"Office Supplies Expenses","666","Certificate Folder w/ PGLU logo, Long, Maroon","pc","648"
"Office Supplies Expenses","667","Certificate Folder, A4","pc","70"
"Office Supplies Expenses","668","Certificate Folder, Long 8""x13""","pc","85"
"Office Supplies Expenses","669","Certificate Folder, Short 8""x11""","pc","49"
"Office Supplies Expenses","670","Certificate Frame, Glass, 8""x11""","pc","308"
"Office Supplies Expenses","671","Certificate Frame, Glass, A4","pc","89"
"Office Supplies Expenses","672","Clear Book refill, Long ,100s","pck","283"
"Office Supplies Expenses","673","Clear Book with 20 leaves, long (Red & Blue)","pc","238"
"Office Supplies Expenses","674","Clearbook, Long, purple, 20 Sheets, 27 holes","pc","186"
"Office Supplies Expenses","675","Colored Paper, Assorted Colors, Long","rm","341"
"Office Supplies Expenses","676","Columnar Notebook, 18 Columns","pc","111"
"Office Supplies Expenses","677","Columnar Notebook, 3 Columns","pc","63"
"Office Supplies Expenses","678","Concorde Laid Specialty Papers 90gsm 500's per ream, L. Yellow, Long, 8½""x13""","rm","1141"
"Office Supplies Expenses","679","Concorde Laid Specialty Papers 90gsm 500's per ream, White, Long, 8½""x13""","rm","973"
"Office Supplies Expenses","680","Concorde, Watermarked Laid Paper, Light Yellow A4","rm","1305"
"Office Supplies Expenses","681","Conqueror/ Galgo Paper, A4, Evory, S24","rm","1265"
"Office Supplies Expenses","682","Construction Paper, S24, Assorted Color, Long","rm","373"
"Office Supplies Expenses","683","Copy paper, 8.5"" x 11"", Short","rm","293"
"Office Supplies Expenses","684","Copy Paper, S20, A4","rm","249"
"Office Supplies Expenses","685","Copy Paper, S20. Long 8½""x13""","rm","286"
"Office Supplies Expenses","686","Copy Paper, S24, 80GSM, A3","rm","413"
"Office Supplies Expenses","687","Copy Paper, S24, A4","rm","272"
"Office Supplies Expenses","688","Copy Paper, S24, Long 8½""x13""","rm","286"
"Office Supplies Expenses","689","Cork Board, 3'x 5'","pc","3299"
"Office Supplies Expenses","690","Cork Board, 4' x 6'","pc","5067"
"Office Supplies Expenses","691","Correction Fluid, 15ml","btl","55"
"Office Supplies Expenses","692","Correction Tape, 5mm x12mm","pc","62"
"Office Supplies Expenses","693","Cutter Big, Heavy Duty, Retractable w/ Steel Guide","pc","414"
"Office Supplies Expenses","694","Cutter Blade, for heavy duty cutter","pc","50"
"Office Supplies Expenses","695","Cutter, Big","pc","127"
"Office Supplies Expenses","696","Data File Binder, Archfile Ring binder long with
side clip","pc","290"
"Office Supplies Expenses","697","Data File Binder, Archfile Ring binder short with
side clip","pc","221"
"Office Supplies Expenses","698","Dater Stamp","pc","209"
"Office Supplies Expenses","699","Document File box, 11""W x 15 5/8"" L x 11""H","pc","738"
"Office Supplies Expenses","700","Duct tape, 1""","pcs","98"
"Office Supplies Expenses","701","Duct Tape, 2"" x 25m black","roll","209"
"Office Supplies Expenses","702","Duct Tape, 2"" x 25m, silver","roll","165"
"Office Supplies Expenses","703","Engineer's Fieldbook Total","pc","147"
"Office Supplies Expenses","704","Envelope, Brown, Long","pc","7"
"Office Supplies Expenses","705","Envelope, Brown, Short","pc","6"
"Office Supplies Expenses","706","Envelope, Expanding, Brown, Long, 0.50mm","pc","30"
"Office Supplies Expenses","707","Envelope, Expanding, Brown, Short, 0.50mm","pc","21"
"Office Supplies Expenses","708","Envelope, Expanding, Green, Long, 0.50mm","pc","55"
"Office Supplies Expenses","709","Envelope, Expanding, Green, Short, 0.50mm","pc","25"
"Office Supplies Expenses","710","Envelope, Expanding, Plastic, long, 0.50mm","pc","88"
"Office Supplies Expenses","711","Envelope, Expanding, Yellow, Long, 0.50mm","pc","22"
"Office Supplies Expenses","712","Envelope, Plastic, Long","pc","40"
"Office Supplies Expenses","713","Envelope, Plastic, Short","pc","20"
"Office Supplies Expenses","714","Eraser, for blackboard/whiteboard","pc","28"
"Office Supplies Expenses","715","Eraser, plastic or rubber, 0.5"" x 1.5""","pc","17"
"Office Supplies Expenses","716","Fastener, Plastic, 8""/ 100's","box","119"
"Office Supplies Expenses","717","Fastener, Plastic, Standard/50's","box","64"
"Office Supplies Expenses","718","File Box with cover,11 W x16 L x 11.5 H","pc","528"
"Office Supplies Expenses","719","File Organizer Expanding, Legal, 12 pockets, accordion file bag with handle","pc","327"
"Office Supplies Expenses","720","Filing Box/ Storage Box, Blue cover - Plastic, 25L","pc","336"
"Office Supplies Expenses","721","Filing Box/ Storage Box, Blue cover - Plastic, 50L","pc","561"
"Office Supplies Expenses","722","Filing Box/ Storage Box, Blue cover - Plastic,95L","pc","1086"
"Office Supplies Expenses","723","Flag Philippine Standard Size (Cotton), 3'x5'","pc","345"
"Office Supplies Expenses","724","Folder Expanding (Pressboard), Long (Red color)","pc","45"
"Office Supplies Expenses","725","Folder Expanding (Pressboard), Long blue color","pc","30"
"Office Supplies Expenses","726","Folder Expanding (Pressboard), Long green color","pc","30"
"Office Supplies Expenses","727","Folder Expanding (Pressboard), size 240mm x 370mm,
100 pcs per box","box","1023"
"Office Supplies Expenses","728","Folder Morroco with stick, Long (Asstd. Color)","pc","19"
"Office Supplies Expenses","729","Folder Morroco with Stick, Short (Asstd. Colors)","pc","19"
"Office Supplies Expenses","730","Folder Plastic, Long","pc","27"
"Office Supplies Expenses","731","Folder Plastic, Short","pc","43"
"Office Supplies Expenses","732","Folder, (White) Long","pc","13"
"Office Supplies Expenses","733","Folder, (White) Short","pc","11"
"Office Supplies Expenses","734","Folder, Brown, Long","pc","13"
"Office Supplies Expenses","735","Folder, Brown, Short","pc","10"
"Office Supplies Expenses","736","Folder, Clipboard, long","pc","164"
"Office Supplies Expenses","737","Folder, Clipboard, short","pc","127"
"Office Supplies Expenses","738","Folder, Expanded, Purple, A4","pc","28"
"Office Supplies Expenses","739","Folder, Expanded, Purple, Long","pc","32"
"Office Supplies Expenses","740","Folder, Fancy, for A4 size documents (100pcs per pack)","bundle","377"
"Office Supplies Expenses","741","Folder, Fancy, for legal size documents, long (100pcs
per pack)","bundle","561"
"Office Supplies Expenses","742","Folder, White, Short, A4","pc","9"
"Office Supplies Expenses","743","Galgo Paper, A4, Light Yellow, 90gms","reams","878"
"Office Supplies Expenses","744","Galgo Paper, Long, Light Yellow, 90gms","reams","1086"
"Office Supplies Expenses","745","Glossy Photo paper, Sticker","pack","290"
"Office Supplies Expenses","746","Glue 130 gms,","btl","94"
"Office Supplies Expenses","747","Glue 40 gms,","btl","48"
"Office Supplies Expenses","748","Glue Gun Stick, Big","pc","11"
"Office Supplies Expenses","749","Glue Gun Stick, Small","pc","8"
"Office Supplies Expenses","750","Glue Gun, Big, Heavy Duty","unit","407"
"Office Supplies Expenses","751","Glue, All Purpose 200 gms,","btl","99"
"Office Supplies Expenses","752","Gun Tucker T30","pc","854"
"Office Supplies Expenses","753","Gun Tucker T50","pc","3241"
"Office Supplies Expenses","754","Gun Tucker Wire for T30","pc","111"
"Office Supplies Expenses","755","Gun Tucker Wire for T50","pc","80"
"Office Supplies Expenses","756","Hi Gloss Sticker Paper, 10pcs/pack","pack","85"
"Office Supplies Expenses","757","ID double sided , B4 Card Case (6 x 4.25) , (20 pcs)","pack","11"
"Office Supplies Expenses","758","ID Holder (4.5"" X 3.5"") with Strap","pc","43"
"Office Supplies Expenses","759","ID Leis","pc","14"
"Office Supplies Expenses","760","Illustration Board (1 whole)","pc","462"
"Office Supplies Expenses","761","In and Out Tray 2-Layers Steel (Metal Desk Tray)","pc","739"
"Office Supplies Expenses","762","In and Out Tray 3 layers Office supplies desk tray/wire mesh four-layer file tray/basket rack multi-layer storage
box file holder","pc","550"
"Office Supplies Expenses","763","In and Out Tray 3-Layers Steel (Metal Desk Tray)","pc","907"
"Office Supplies Expenses","764","Index Card, 3"" x 5"", ruled both sides, 50's/pack","pack","38"
"Office Supplies Expenses","765","Index Card, 5"" x 8"", ruled both sides, 50's/pack","pack","60"
"Office Supplies Expenses","766","Index Plastic Tabs Stick up ""Sign Here"" Stickies
(44x25MM)","pack","77"
"Office Supplies Expenses","767","Laminating Film, 250mic, 228x50m","pc","1173"
"Office Supplies Expenses","768","Laminating Film, A3","roll","1458"
"Office Supplies Expenses","769","Laminating Film, A4","roll","1297"
"Office Supplies Expenses","770","Laminating Film, Long","roll","907"
"Office Supplies Expenses","771","Magazine File Folder","pc","242"
"Office Supplies Expenses","772","Magazine rack, plastic","pc","323"
"Office Supplies Expenses","773","Mailing Envelope, Cream, Long, 500's","box","406"
"Office Supplies Expenses","774","Mailing Envelope, White, Long, 500's","box","499"
"Office Supplies Expenses","775","Mailing Envelope, White, Short, 500's","box","293"
"Office Supplies Expenses","776","Mailing Envelope,White, Long, with plastic window, 500s","box","867"
"Office Supplies Expenses","777","Manila Paper","pc","20"
"Office Supplies Expenses","778","Marker Fluorescent, Highlighter Pen, 3 Asstd Colors per
set","pc","66"
"Office Supplies Expenses","779","Marking Pen Refill Ink, 30ml","pc","219"
"Office Supplies Expenses","780","Marking Pen, permanent Broad Tip (Black)","pc","70"
"Office Supplies Expenses","781","Marking Pen, Permanent Broad Tip (Blue)","pc","70"
"Office Supplies Expenses","782","Marking Pen, Permanent Broad Tip (Red)","pc","70"
"Office Supplies Expenses","783","Marking Pen, permanent fine (Black)","pc","70"
"Office Supplies Expenses","784","Marking Pen, permanent fine (Blue)","pc","70"
"Office Supplies Expenses","785","Marking Pen, permanent fine (Red)","pc","70"
"Office Supplies Expenses","786","Marking Pen, whiteboard BLACK","pc","78"
"Office Supplies Expenses","787","Marking Pen, whiteboard BLUE","pc","78"
"Office Supplies Expenses","788","Marking Pen, whiteboard RED","pc","78"
"Office Supplies Expenses","789","Masking Tape 1"" (24mm) x 25 yards)","roll","61"
"Office Supplies Expenses","790","Masking Tape 1/2"" (24mm x 25yards)","roll","29"
"Office Supplies Expenses","791","Masking Tape 2"" x 25 yards","roll","121"
"Office Supplies Expenses","792","Mechanical Pencil 0.5","pc","505"
"Office Supplies Expenses","793","Mechanical Pencil Lead 0.5 (10's/tube)","tube","152"
"Office Supplies Expenses","794","Mimeographing Paper, Long 8½""x13"", WW","rm","312"
"Office Supplies Expenses","795","Mimeographing Paper, Short 8½""x11"", WW","rm","281"
"Office Supplies Expenses","796","Note Pad, (3"" x 4"") (80 leaves/pack)","pad","59"
"Office Supplies Expenses","797","Note Pad, stick on, (2"" x 3"") (80 leaves/pack)","pad","17"
"Office Supplies Expenses","798","Note Pad, stick on, 3' x 5"", w/ lines","pad","108"
"Office Supplies Expenses","799","Note Pad, stick on, (3"" x 3"") (80 leaves/pack)","pad","26"
"Office Supplies Expenses","800","Note Pad, stick on, 1.5"" x 2"" (Post It)","pad","23"
"Office Supplies Expenses","801","Notebook, 80 Leaves","pc","51"
"Office Supplies Expenses","802","Nylon Rope, 20 mtrs","pc","501"
"Office Supplies Expenses","803","Official Logbook, 300pp","pc","213"
"Office Supplies Expenses","804","Oslo paper, 10 pcs per pack","pack","33"
"Office Supplies Expenses","805","Padlock, Heavy Duty, Big","pc","1436"
"Office Supplies Expenses","806","Padlock, Heavy Duty, Medium","pc","808"
"Office Supplies Expenses","807","Panasonic KX-TS500 MX Telephone","pc","990"
"Office Supplies Expenses","808","Paper Clamp bullclip Small 7/8"" (22mm), 6pcs/pack","pack","36"
"Office Supplies Expenses","809","Paper Clamp bullclip, Big 1 1/2"", 6 pcs/pack","pack","90"
"Office Supplies Expenses","810","Paper Clamp bullclip, Medium 1 1/4"", 6pcs/ pack","pack","57"
"Office Supplies Expenses","811","Paper Clip, gem type, 33mm 100's/box","box","47"
"Office Supplies Expenses","812","Paper Clip, gem type, jumbo, 48mm 100's/box","box","53"
"Office Supplies Expenses","813","Paper Cutter w/ Board 10""x12"", Heavy Duty","unit","2372"
"Office Supplies Expenses","814","Pencil #1, 12 pcs / box","box","206"
"Office Supplies Expenses","815","Pencil #2, 12 pcs / box","box","206"
"Office Supplies Expenses","816","Pencil Sharpener, Heavy Duty,Single cutter","pc","620"
"Office Supplies Expenses","817","Permanent Marker, Violet (PPA 18)","pc","52"
"Office Supplies Expenses","818","Photo glossy sticker paper","pck","209"
"Office Supplies Expenses","819","Photo Paper, Glossy, A4 /10's","pack","167"
"Office Supplies Expenses","820","Photo Paper, Glossy, Sticker A4 /20's, 135 gsm","pack","320"
"Office Supplies Expenses","821","Picture Frame, 8""x11""","pc","258"
"Office Supplies Expenses","822","Picture Frame, 8""x13""","pc","319"
"Office Supplies Expenses","823","Plain PVC cards (250 pcs/box)","box","1898"
"Office Supplies Expenses","824","Plain Shiny 15mm Thick ID Lace Sling Holder Lanyards","pc","17"
"Office Supplies Expenses","825","Plastic Envelope with Handle","pc","127"
"Office Supplies Expenses","826","Plastic Folder Jacket","pc","24"
"Office Supplies Expenses","827","Plastic Insert Sheet Fillers A4, 100 pcs","pack","413"
"Office Supplies Expenses","828","Plastic Insert Sheet Fillers Long, 100 pcs","pack","413"
"Office Supplies Expenses","829","Plastic Insert Sheet Fillers,","pc","264"
"Office Supplies Expenses","830","Plastic straw, twine","roll","148"
"Office Supplies Expenses","831","Poster Paint, 12 colors","pack","190"
"Office Supplies Expenses","832","Puncher Heavy Duty w/ Automatic Centering Guide
(75XL)","pc","1073"
"Office Supplies Expenses","833","Push Pin, hammerhead type, 100's/box","box","49"
"Office Supplies Expenses","834","PVC Cover, A4100's/pack","pack","1908"
"Office Supplies Expenses","835","PVC Cover, Long 100's/pack","pack","1990"
"Office Supplies Expenses","836","Record Book, 150 Pages","pc","88"
"Office Supplies Expenses","837","Record Book, 300 Pages","pc","116"
"Office Supplies Expenses","838","Record Book, 500 Pages","pc","139"
"Office Supplies Expenses","839","Report Book, Size: A4 8.27"" x 11.69"" Finish 16.54 xx 11.69; Paper Thickness: C2S 80#; Binding: Soft Bound; Finish: Matte Lamination (Cover only); Type of Printing: High Resolution; 56 pages","pc","201"
"Office Supplies Expenses","840","Report Book, Size: A4 8.27"" x 11.69"" Finish 16.54 xx 11.69; Paper Thickness: C2S 80#; Binding: Soft Bound; Finish: Matte Lamination (Cover only); Type of Printing: High Resolution; 72 pages","pc","242"
"Office Supplies Expenses","841","Ring Binder, 1""","pc","44"
"Office Supplies Expenses","842","Ring Binder, 1/2""","pc","23"
"Office Supplies Expenses","843","Ring Binder, 1/4""","pc","13"
"Office Supplies Expenses","844","Ring Binder, 1½""","pc","61"
"Office Supplies Expenses","845","Ring Binder, 2""","pc","83"
"Office Supplies Expenses","846","Ring Binder, 3/4""","pc","30"
"Office Supplies Expenses","847","Rollerball pen, refill, blue, fine, 10g","pc","298"
"Office Supplies Expenses","848","Rollerball pen, Vector Standard, stainless steel trim","pc","1029"
"Office Supplies Expenses","849","Rubber Band, #18, transparent, 400g, 70mm minlay flat length","pc","336"
"Office Supplies Expenses","850","Rubber Band, Small","pc","32"
"Office Supplies Expenses","851","Rubber Self-inking Date Stamp","pc","1098"
"Office Supplies Expenses","852","Ruler 12"", Plastic","pc","18"
"Office Supplies Expenses","853","Ruler 12"", Stainless","pc","126"
"Office Supplies Expenses","854","Ruler 24"", Metal","pc","241"
"Office Supplies Expenses","855","Safety Pin, silver (1""), 1000s/box","box","225"
"Office Supplies Expenses","856","Scissor, big 7"" stainless, with plastic handle, heavy duty","pc","195"
"Office Supplies Expenses","857","Scissor, small stainless with plastic handle","pc","61"
"Office Supplies Expenses","858","Self-Inking Dater, Mini, 3mm","pc","1320"
"Office Supplies Expenses","859","Sheet Protector w/ 11 holes, plastic Long, 100 pcs","box","373"
"Office Supplies Expenses","860","Sign Pen (Black) Hi-Techpoint V10 Grip","pc","117"
"Office Supplies Expenses","861","Sign Pen (Black) Hi-techpoint V5","pc","104"
"Office Supplies Expenses","862","Sign Pen (Black) Hi-techpoint V7","pc","103"
"Office Supplies Expenses","863","Sign Pen (Blue) Hi-Techpoint V10 Grip","pc","117"
"Office Supplies Expenses","864","Sign Pen (Blue) Hi-techpoint V5","pc","104"
"Office Supplies Expenses","865","Sign Pen (Blue) Hi-techpoint V7","pc","103"
"Office Supplies Expenses","866","Sign Pen 0.8, Pigment Ink (Black)","pc","86"
"Office Supplies Expenses","867","Sign Pen 0.8, Pigment Ink (Blue)","pc","86"
"Office Supplies Expenses","868","Sign Pen G-tech C4, Black","pc","116"
"Office Supplies Expenses","869","Sign Pen G-tech C4, Blue","pc","116"
"Office Supplies Expenses","870","Sign Pen G-tech C4, Green","pc","124"
"Office Supplies Expenses","871","Sign Pen G-tech C4, Red","pc","124"
"Office Supplies Expenses","872","Sign Pen Gel Type 0.7 (Black)","pc","121"
"Office Supplies Expenses","873","Sign Pen Gel Type 0.5 (Black)","pc","121"
"Office Supplies Expenses","874","Sign Pen Gel Type 0.5 (Blue)","pc","121"
"Office Supplies Expenses","875","Sign Pen Gel Type 0.5 (Green)","pc","121"
"Office Supplies Expenses","876","Sign Pen Gel Type 0.5 (Red)","pc","121"
"Office Supplies Expenses","877","Sign Pen Gel Type 0.5 (Violet)","pc","121"
"Office Supplies Expenses","878","Sign Pen Gel Type 0.7 (Blue)","pc","121"
"Office Supplies Expenses","879","Sign Pen Retactable(Blue) G-2, 0.7","pc","111"
"Office Supplies Expenses","880","Sign Pen Retractable (Black) G-2, 0.7","pc","116"
"Office Supplies Expenses","881","Sign Pen Retractable(Blue) G-2, 0.5","pc","101"
"Office Supplies Expenses","882","Sign Pen, Gel Type 0.7, (Green)","pc","86"
"Office Supplies Expenses","883","Sign Pen, Gel Type, 0.7, (Red)","pc","121"
"Office Supplies Expenses","884","Sign Pen, Roller Ball (Refill), Medium (Blue)","pc","75"
"Office Supplies Expenses","885","Sign Pen, Roller Ball, Medium, Black","pc","86"
"Office Supplies Expenses","886","Sign Pen, Roller Ball, Medium, Blue","pc","85"
"Office Supplies Expenses","887","Silk/Satin Ribbon 1"", Purple","roll","242"
"Office Supplies Expenses","888","Silk/Satin Ribbon 1"", Royal Blue","roll","227"
"Office Supplies Expenses","889","Silk/Satin Ribbon 2"", Purple","roll","279"
"Office Supplies Expenses","890","Silk/Satin Ribbon 2"", Royal Blue","roll","312"
"Office Supplies Expenses","891","Specialty Paper, Pale Cream,90 gsm/10 sheets, Long","pack","83"
"Office Supplies Expenses","892","Specialty Paper, Pale Cream,90 gsm/10 sheets, A4","pack","77"
"Office Supplies Expenses","893","Stamp Pad Ink, 30ml (Black)","btl","84"
"Office Supplies Expenses","894","Stamp Pad Ink, 473ml (Violet)","btl","212"
"Office Supplies Expenses","895","Stamp pad ink,50ml (Violet)","btl","135"
"Office Supplies Expenses","896","Stamp Pad w/ Ink Big #2","pc","64"
"Office Supplies Expenses","897","Stamp Pad w/ Ink Small #00","pc","231"
"Office Supplies Expenses","898","Staple Wire #1","box","53"
"Office Supplies Expenses","899","Staple Wire #10/1000's","box","120"
"Office Supplies Expenses","900","Staple Wire Remover Twin Jaws","pc","143"
"Office Supplies Expenses","901","Staple Wire, standard, #35, 5000's/box","box","336"
"Office Supplies Expenses","902","Stapler #10","pc","1320"
"Office Supplies Expenses","903","Stapler #35, Heavy Duty, Big","pc","995"
"Office Supplies Expenses","904","Stapler #35, with Staple Remover","pc","176"
"Office Supplies Expenses","905","Steel Rack (4-5 layers) Heavy Duty","unit","17050"
"Office Supplies Expenses","906","Steno Notebook, 60lvs","pc","35"
"Office Supplies Expenses","907","Sticker Paper, A4 , White, 10 sheets","pack","57"
"Office Supplies Expenses","908","Sticker Paper, Long, White, 10 sheets","pack","58"
"Office Supplies Expenses","909","Sticker Paper, Matte Finish, a4","pack","94"
"Office Supplies Expenses","910","Sticker Soft Flocked Velvet Felt Fabric 40cm*145cm","pcs","480"
"Office Supplies Expenses","911","Sticky Post-it Mini ""Sign Here"" 5 colors (45x12mm)","pack","83"
"Office Supplies Expenses","912","Styrofoam ½"" x 2' x 4'","pc","98"
"Office Supplies Expenses","913","Switching Power Supply 24V 2.5A","pc","263"
"Office Supplies Expenses","914","Tabbing Letter Index Tabs, assorted color","box","104"
"Office Supplies Expenses","915","Table Nameplate Acrylic","pc","11"
"Office Supplies Expenses","916","Table Nameplate, 7x25cm, Acrylic, 2-side","pcs","36"
"Office Supplies Expenses","917","Tape Dispenser, heavy duty, for 24mm (1"")","pcs","124"
"Office Supplies Expenses","918","Tape Dispenser, heavy duty, for 24mm(1"")","pc","31"
"Office Supplies Expenses","919","Tape, packaging, 48mm, (2"")","roll","76"
"Office Supplies Expenses","920","Tape, Transparent ½"" x 25 yards","roll","44"
"Office Supplies Expenses","921","Tape, transparent, (1""), 24mm","roll","44"
"Office Supplies Expenses","922","Tape, transparent, (2""), 24mm","roll","44"
"Office Supplies Expenses","923","Thumb Tacks, 100's/box","box","44"
"Office Supplies Expenses","924","Uni PIN Fine Liner .7 (blue)","pc","44"
"Office Supplies Expenses","925","Valiant Vellum Board, 180 gsm 22""x28"" - Blue","sheet","44"
"Office Supplies Expenses","926","Valiant Vellum Board, 180 gsm 22""x28"" - Green","sheet","44"
"Office Supplies Expenses","927","Valiant Vellum Board, 180 gsm 22""x28"" - L.Blue","sheet","1325"
"Office Supplies Expenses","928","Valiant Vellum Board, 180 gsm 22""x28"" - Orange","sheet","6331"
"Office Supplies Expenses","929","Valiant Vellum Board, 180 gsm 22""x28"" - Pink","sheet","13271"
"Office Supplies Expenses","930","Valiant Vellum Board, 180 gsm 22""x28"" - Red","sheet","94"
"Office Supplies Expenses","931","Valiant Vellum Board, 180 gsm 22""x28"" - Yellow","sheet","147"
"Office Supplies Expenses","932","Wall Clock 12""","unit","680"
"Office Supplies Expenses","933","Whiteboard 2' x 3'","pc","875"
"Office Supplies Expenses","934","Whiteboard 4' x 6'","pc","1086"
"Office Supplies Expenses","935","Whiteboard 2' x 3', with Aluminum Stand","pc","2959"
"Office Supplies Expenses","936","Whiteboard 4' x 6', with Aluminum Stand","pc","5445"
"Office Supplies Expenses","937","Yellow Ruled Pads","pad","88"
"","","POSTAGE & COURIER SERVICES","",""
"Postage and Courier Services","938","Postage Stamps @ 1.00","pc","1"
"Postage and Courier Services","939","Postage Stamps @ 3.00","pc","4"
"Postage and Courier Services","940","Postage Stamps @ 5.00","pc","6"
"Postage and Courier Services","941","Postage Stamps @ 7.00","pc","9"
"Postage and Courier Services","942","Postage Stamps @ 10.00","pc","13"
"Postage and Courier Services","943","Postage Stamps @ 12.00","pc","15"
"Postage and Courier Services","944","Postage Stamps @ 14.00","pc","18"
"Postage and Courier Services","945","Postage Stamps @ 17.00","pc","22"
"Postage and Courier Services","946","Postage Stamps @ 20.00","pc","25"
"Postage and Courier Services","947","Postage Stamps @ 35.00","pc","44"
"Postage and Courier Services","948","Postage Stamps @ 40.00","pc","51"
"Postage and Courier Services","949","Postage Stamps @ 55.00","pc","70"
"","","PRINTING & PUBLICATION","",""
"Printing and Publication Expenses","950","Tarpaulin","sq. ft.","22"
"Printing and Publication Expenses","951","Printing and Binding - 200 pages mininmum","bklts","3200"
"Printing and Publication Expenses","952","Printing and Binding - 50 pages minimum","bklts","1670"
"","","Buffet Meals and Snacks (For OPG, OVG, OSP and ADM only)","",""
"Representation Expenses","953","Special Snack (2 viands; sandwhich/burger, spaghetti/pancit/shanghai/chicken/siopao and juice/soft drinks in can)","pax","350"
"Representation Expenses","954","Special Meal (3 viands, rice, bottled water, juice/soft drinks in can, dessert)","pax","633"
"","","Meals and Snacks (Other Offices)","",""
"Representation Expenses","956","Standard Snacks (Sandwich/Bread and juice/soft drinks)","pax","83"
"Representation Expenses","957","Standard Meal (2 viands, rice and bottled water)","pax","172"
"Representation Expenses","958","Heavy Snacks (1 viand pack: sandwich/burger, pancit/spaghetti/siopao and juice/ soft drinks in can)","pax","172"
"","","TROPHIES, PLAQUES & MEDALS","",""
"Other Supplies and Materials Expenses","959","Medal, gold-plated, 2"", personalized","pc","649"
"Other Supplies and Materials Expenses","960","Medal, silver-plated, 2"", personalized","pc","644"
"Other Supplies and Materials Expenses","961","Medal, bronze-plated, 2"", personalized","pc","644"
"Other Supplies and Materials Expenses","962","Trophies, small, glass/ acryllic","pc","1002"
"Other Supplies and Materials Expenses","963","Trophies, medium, glass/ acryllic","pc","1186"
"Other Supplies and Materials Expenses","964","Trophies, large, glass/acryllic","pc","1340"
"Other Supplies and Materials Expenses","965","Trophies, small, wood","pc","2610"
"Other Supplies and Materials Expenses","966","Trophies, medium, wood","pc","3717"
"Other Supplies and Materials Expenses","967","Trophies, large, wood","pc","5111"
"Other Supplies and Materials Expenses","968","Plaque, Glass","pc","3071"
"Other Supplies and Materials Expenses","969","Plaque, Wood","pc","4334"
"","","SPORTS SUPPLIES","",""
"Other Supplies and Materials Expenses","970","Badminton Set, 2 players, with Shuttlecock","set","1426"
"Other Supplies and Materials Expenses","971","Basketball Ball, High Quality","pc","4799"
"Other Supplies and Materials Expenses","972","Basketball Ball, Standard","pc","1243"
"Other Supplies and Materials Expenses","973","Basketball Ring Net, High Quality","pc","469"
"Other Supplies and Materials Expenses","974","Sepak Takraw, Ball and Net, Tournament Size","set","2675"
"Other Supplies and Materials Expenses","975","Volleyball Ball, High Quality","pc","5119"
"Other Supplies and Materials Expenses","976","Volleyball Ball, Standard","pc","1181"
"Other Supplies and Materials Expenses","977","Volleyball Net, High Quality","pc","1708"
"","","TOKENS/SOUVENIRS","",""
"Other Supplies and Materials Expenses","978","Paper Bag, Medium with print","pc","109"
"Other Supplies and Materials Expenses","979","Paper Bag, Large with print","pc","121"
"Other Supplies and Materials Expenses","980","Token, VIP 1, ELYU Products*","pc","1500"
"Other Supplies and Materials Expenses","981","Token, VIP 2, ELYU Products*","pc","2000"
"Other Supplies and Materials Expenses","982","Token, VIP 3, ELYU Products*","pc","5000"
"","","GENERAL WELFARE GOODS","",""
"Welfare Goods Expenses","983","Baby Oil, 50ml","btl","64"
"Welfare Goods Expenses","984","Baby Powder, 50g","btl","46"
"Welfare Goods Expenses","985","Bath Soap, 60g","pc","37"
"Welfare Goods Expenses","986","Bath Towel, 27""X 54"", Adult, Cotton, High Quality","pc","37"
"Welfare Goods Expenses","987","Brief, Male, 3-in-1 pack, Free Size","pack","430"
"Welfare Goods Expenses","988","Clothes Clip, 24 pcs/pack, heavy duty","pack","72"
"Welfare Goods Expenses","989","Cotton buds, 100s/pack","pack","76"
"Welfare Goods Expenses","990","Diaper, Adult, Extra Large, 10pcs/ pack","pack","446"
"Welfare Goods Expenses","991","Diaper, Adult, Large, 10pcs/ pack","pack","407"
"Welfare Goods Expenses","992","Diaper, Adult, Small, 10pcs/ pack","pack","374"
"Welfare Goods Expenses","993","Face/Hand Towel, cotton","pc","20"
"Welfare Goods Expenses","994","Hanger, 12 pcs/pack, heavy duty","pack","107"
"Welfare Goods Expenses","995","Laundry Basin, Plastic, Big, 18""","pc","186"
"Welfare Goods Expenses","996","Nail Cutter, Big","pc","100"
"Welfare Goods Expenses","997","Panty, Free Size","pc","76"
"Welfare Goods Expenses","998","Sando Shirt, Cotton, Free Size","pc","122"
"Welfare Goods Expenses","999","Sando Shirt, Dri-fit, Free Size","pc","149"
"Welfare Goods Expenses","1000","Shampoo, Hair, 180ml","btl","194"
"Welfare Goods Expenses","1001","Short pants, Cotton, Free Size","pc","125"
"Welfare Goods Expenses","1002","Sleeping Attire (terno - pajama and t shirt), Cotton, Free Size","set","342"
"Welfare Goods Expenses","1003","Slippers, Free Size","pair","139"
"Welfare Goods Expenses","1004","T-shirt and Shorts, Jersey for sports,Free Size","pc","1034"
"Welfare Goods Expenses","1005","T-shirt, Cotton, Round neck, Free Size","pc","202"
"Welfare Goods Expenses","1006","T-shirt, Cotton, V-neck, Free Size","pc","264"
"Welfare Goods Expenses","1007","T-shirt, Cotton, with collar, Free Size","pc","369"
"Welfare Goods Expenses","1008","T-shirt, Dri-fit, Round neck, Free Size","pc","231"
"Welfare Goods Expenses","1009","T-shirt, Dri-fit, with collar, Free Size","pc","380"
"Welfare Goods Expenses","1010","Toothbrush,","pc","42"
"Welfare Goods Expenses","1011","Toothpaste, 120ml","tube","165"
"","","ICT EQUIPMENT","",""
"Information and Communication Technology Equipment","1012","Slim Mini PC (NUC) Next Unit of Computing","unit","53350"
"Information and Communication Technology Equipment","1013","Power User Desktop Workstation","unit","99950"
"Information and Communication Technology Equipment","1014","Mid Range Laptop","unit","71500"
"Information and Communication Technology Equipment","1015","Power User Laptop","unit","99950"
"Information and Communication Technology Equipment","1016","EPSON L15150 A3 WI-FI DUPLEX ALL-IN-ONE INK TANK PRINTER","unit","71500"
"Information and Communication Technology Equipment","1017","EPSON EB-FH52 V11H978052","unit","66000"
"Information and Communication Technology Equipment","1018","EPSON EpiqVision Mini EF-11 LASER PROJECTION TV V11HA23052","unit","67100"
"Office Supplies Expenses","1019","MAINTENANCE BOX FOR EPSON L6290","pc","700"
"Semi-Expendable Machinery and Equipment Expenses","1020","Cordless Impact drill with spare battery","unit","5220"
"Semi-Expendable Machinery and Equipment Expenses","1021","Electric air compressor, portable, 2HP","unit","23600"
"Semi-Expendable Machinery and Equipment Expenses","1022","Electric circular saw, 1,400 watts","unit","6440"
"Semi-Expendable Machinery and Equipment Expenses","1023","Electric planer, 650 watts","unit","5250"
"Semi-Expendable Machinery and Equipment Expenses","1024","Heatgun, 2,000 watts","unit","5399"
"Semi-Expendable Machinery and Equipment Expenses","1025","2-Way Radio Dual Band VHF-UHF SET OF 8","unit","11488"
"Semi-Expendable Machinery and Equipment Expenses","1026","21"" MONITOR, Full HD monitor w/ 1 x HDMI 1.4 Port, 1 x VGA Port","unit","15098"
"Semi-Expendable Machinery and Equipment Expenses","1027","28-inch, 4K UHD (3840 x 2160) resolution Monitor","unit","23320"
"Semi-Expendable Machinery and Equipment Expenses","1028","Active Speaker System","unit","23018"
"Semi-Expendable Machinery and Equipment Expenses","1029","AP U7 Pro Unifi Wireless 7","unit","16566"
"Semi-Expendable Machinery and Equipment Expenses","1030","Dual Wireless UHF Mic; Dynamic capsule; Rechargeable Li-Ion Battery; Fixed FrequencyAB/CD/EF","unit","9749"
"Semi-Expendable Machinery and Equipment Expenses","1031","Epson Wi-Fi All in One Ink Tank Printer","unit","17944"
"Semi-Expendable Machinery and Equipment Expenses","1032","Expansion Desktop Storage Drive","unit","23513"
"Semi-Expendable Machinery and Equipment Expenses","1033","IPS Monitor, 24 inch","unit","5706"
"Semi-Expendable Machinery and Equipment Expenses","1034","IPS Monitor, 27 inch","unit","8359"
"Semi-Expendable Machinery and Equipment Expenses","1035","Network Attached Storage (NAS) 4-Bay","unit","45320"
"Semi-Expendable Machinery and Equipment Expenses","1036","Portable Active Speaker, 480watts, Trolley Wheel with Handle, Dual Wireless Mic, Rechargeable Battery, 12V/ 220V","unit","18424"
"Semi-Expendable Machinery and Equipment Expenses","1037","Portable powerstation 240Wh","unit","27940"
"Semi-Expendable Machinery and Equipment Expenses","1038","Solidcom C1 Wireless Headset Intercom System Full Duplex 1000ft Team Communication Single-Ear Headset","set","30775"
"Semi-Expendable Machinery and Equipment Expenses","1039","Industrial Rotary hammer, 1500 watts, Heavy Duty","set","11110"
"Semi-Expendable Machinery and Equipment Expenses","1040","Ladder, A-Type, 7ft","unit","12788"
"Semi-Expendable Machinery and Equipment Expenses","1041","Ladder, Extendable (Fiber Glass), 24ft","unit","30913"
"Semi-Expendable Machinery and Equipment Expenses","1042","Cordless Vacuum","pc","5720"
"Semi-Expendable Machinery and Equipment Expenses","1043","Wet and Dry Vacuum","pc","9350"
"Semi-Expendable Machinery and Equipment Expenses","1044","Grass cutter - 4 stroke","unit","19195"
"Semi-Expendable Machinery and Equipment Expenses","1045","Standard Laptop","unit","48620"
"Semi-Expendable Machinery and Equipment Expenses","1046","EPSON L3250 INKJET PRINTER","unit","16500"
"Semi-Expendable Machinery and Equipment Expenses","1047","EPSON L6290 A4 WI-FI DUPLEX ALL-IN-ONE INK TANK PRINTER WITH ADF","unit","27500"
"Semi-Expendable Machinery and Equipment Expenses","1048","EPSON LQ-310 IMPACT PRINTER (DOT MATRIX)","unit","18700"
"Semi-Expendable Machinery and Equipment Expenses","1049","EPSON FX-2175II IMPACT PRINTER (DOT MATRIX)","unit","34200"
"Semi-Expendable Machinery and Equipment Expenses","1050","EPSON EB-X51 XGA 3LCD PROJECTOR","unit","40150"